-- --------------------------------------------------------
-- Host:                         192.168.1.99
-- Server version:               8.0.15 - MySQL Community Server - GPL
-- Server OS:                    Win64
-- HeidiSQL Version:             10.2.0.5669
-- --------------------------------------------------------

/*!40101 SET @OLD_CHARACTER_SET_CLIENT=@@CHARACTER_SET_CLIENT */;
/*!40101 SET NAMES utf8 */;
/*!50503 SET NAMES utf8mb4 */;
/*!40014 SET @OLD_FOREIGN_KEY_CHECKS=@@FOREIGN_KEY_CHECKS, FOREIGN_KEY_CHECKS=0 */;
/*!40101 SET @OLD_SQL_MODE=@@SQL_MODE, SQL_MODE='NO_AUTO_VALUE_ON_ZERO' */;


-- Dumping database structure for sqindia
DROP DATABASE IF EXISTS `sqindia`;
CREATE DATABASE IF NOT EXISTS `sqindia` /*!40100 DEFAULT CHARACTER SET utf8 */;
USE `sqindia`;

-- Dumping structure for table sqindia.branches
DROP TABLE IF EXISTS `branches`;
CREATE TABLE IF NOT EXISTS `branches` (
  `id` bigint(20) unsigned NOT NULL AUTO_INCREMENT,
  `branch_name` varchar(191) NOT NULL,
  `branch_location` varchar(191) NOT NULL,
  `created_at` timestamp NULL DEFAULT NULL,
  `updated_at` timestamp NULL DEFAULT NULL,
  `deleted_at` timestamp NULL DEFAULT NULL,
  PRIMARY KEY (`id`)
) ENGINE=MyISAM AUTO_INCREMENT=10 DEFAULT CHARSET=utf8;

-- Dumping data for table sqindia.branches: 9 rows
/*!40000 ALTER TABLE `branches` DISABLE KEYS */;
REPLACE INTO `branches` (`id`, `branch_name`, `branch_location`, `created_at`, `updated_at`, `deleted_at`) VALUES
	(1, 'WareHouse', 'Guduvancherry', '2019-07-15 11:29:41', '2019-07-15 11:29:41', NULL),
	(2, 'GUD1', 'Guduvancherry', '2019-07-22 10:19:20', '2019-07-22 10:19:20', NULL),
	(3, 'GUD2', 'Lenovo Guduvancherry', '2019-07-22 10:19:35', '2019-07-22 10:19:35', NULL),
	(4, 'GUD3', 'Mi Guduvancherry', '2019-07-22 10:19:54', '2019-07-22 10:19:54', NULL),
	(5, 'UPK', 'Urapakkam', '2019-07-22 10:20:43', '2019-07-22 10:20:43', NULL),
	(6, 'MMN', 'MM Nagar', '2019-07-22 10:20:52', '2019-07-22 10:20:52', NULL),
	(7, 'CGL1', 'Lenovo Chengalpattu', '2019-07-22 10:21:14', '2019-07-22 10:21:14', NULL),
	(8, 'CGL2', 'Chengalpattu', '2019-07-22 10:21:27', '2019-07-27 14:56:02', NULL),
	(9, 'DOA', 'Guduvancherry', '2019-08-02 07:42:40', '2019-08-02 07:42:40', NULL);
/*!40000 ALTER TABLE `branches` ENABLE KEYS */;

-- Dumping structure for table sqindia.brands
DROP TABLE IF EXISTS `brands`;
CREATE TABLE IF NOT EXISTS `brands` (
  `id` bigint(20) unsigned NOT NULL AUTO_INCREMENT,
  `brand_name` varchar(191) NOT NULL,
  `created_at` timestamp NULL DEFAULT NULL,
  `updated_at` timestamp NULL DEFAULT NULL,
  `deleted_at` timestamp NULL DEFAULT NULL,
  PRIMARY KEY (`id`)
) ENGINE=MyISAM AUTO_INCREMENT=25 DEFAULT CHARSET=utf8;

-- Dumping data for table sqindia.brands: 24 rows
/*!40000 ALTER TABLE `brands` DISABLE KEYS */;
REPLACE INTO `brands` (`id`, `brand_name`, `created_at`, `updated_at`, `deleted_at`) VALUES
	(1, 'Samsung', '2019-07-22 11:02:16', '2019-07-22 11:02:16', NULL),
	(2, 'Vivo', '2019-07-22 11:02:21', '2019-07-22 11:02:21', NULL),
	(3, 'Lava', '2019-07-22 11:02:27', '2019-07-22 11:02:27', NULL),
	(4, 'RedMi', '2019-07-22 11:02:33', '2019-07-22 11:02:33', NULL),
	(5, 'Oppo', '2019-07-22 11:02:43', '2019-07-22 11:02:43', NULL),
	(6, 'RealMe', '2019-07-22 11:02:56', '2019-07-22 11:02:56', NULL),
	(7, 'Asus', '2019-07-22 11:03:00', '2019-07-22 11:03:00', NULL),
	(8, 'Moto', '2019-07-22 11:03:12', '2019-07-22 11:03:12', NULL),
	(9, 'Nokia', '2019-07-22 11:03:19', '2019-07-22 11:03:19', NULL),
	(10, 'Coolpad', '2019-07-22 11:04:01', '2019-07-22 11:04:01', NULL),
	(11, 'MicroMax', '2019-07-22 11:04:08', '2019-07-22 11:04:08', NULL),
	(12, 'CoolPad', '2019-07-25 03:05:04', '2019-07-25 03:05:04', NULL),
	(13, 'Gionee', '2019-07-25 03:05:12', '2019-07-25 03:05:12', NULL),
	(14, 'Honor', '2019-07-25 03:05:19', '2019-07-25 03:05:19', NULL),
	(15, 'infocus', '2019-07-25 03:05:30', '2019-07-25 03:05:30', NULL),
	(16, 'Intex', '2019-07-25 03:05:36', '2019-07-25 03:05:36', NULL),
	(17, 'Fox', '2019-07-25 03:05:40', '2019-07-25 03:05:40', NULL),
	(18, 'Clout', '2019-07-25 03:05:57', '2019-07-25 03:05:57', NULL),
	(19, 'Mobistar', '2019-07-25 03:06:05', '2019-07-25 03:06:05', NULL),
	(20, 'Micromax', '2019-07-25 03:06:12', '2019-07-25 03:06:12', NULL),
	(21, 'Lephone', '2019-07-31 06:43:02', '2019-07-31 06:43:02', NULL),
	(22, 'Lenovo', '2019-07-31 06:54:20', '2019-07-31 06:54:20', NULL),
	(23, 'Mi TV', '2019-07-31 09:03:02', '2019-07-31 09:03:02', NULL),
	(24, 'TCL', '2019-07-31 09:09:40', '2019-07-31 09:09:40', NULL);
/*!40000 ALTER TABLE `brands` ENABLE KEYS */;

-- Dumping structure for table sqindia.inventories
DROP TABLE IF EXISTS `inventories`;
CREATE TABLE IF NOT EXISTS `inventories` (
  `id` bigint(20) unsigned NOT NULL AUTO_INCREMENT,
  `invoice_number` varchar(191) NOT NULL,
  `supplier_id` int(11) NOT NULL,
  `created_at` timestamp NULL DEFAULT NULL,
  `updated_at` timestamp NULL DEFAULT NULL,
  `deleted_at` timestamp NULL DEFAULT NULL,
  PRIMARY KEY (`id`),
  KEY `inventories_supplier_id_foreign` (`supplier_id`)
) ENGINE=MyISAM AUTO_INCREMENT=16 DEFAULT CHARSET=utf8;

-- Dumping data for table sqindia.inventories: 15 rows
/*!40000 ALTER TABLE `inventories` DISABLE KEYS */;
REPLACE INTO `inventories` (`id`, `invoice_number`, `supplier_id`, `created_at`, `updated_at`, `deleted_at`) VALUES
	(1, 'SRT/7023', 1, '2019-07-31 14:03:42', '2019-07-31 14:03:42', NULL),
	(2, 'Old Stock', 9, '2019-07-31 15:29:19', '2019-07-31 15:29:19', NULL),
	(3, 'SRT/7131', 1, '2019-08-02 10:20:21', '2019-08-02 10:20:21', NULL),
	(4, 'SAM19-20/780', 2, '2019-08-02 10:34:23', '2019-08-02 10:34:23', NULL),
	(5, 'RM/1693', 5, '2019-08-03 14:07:47', '2019-08-03 14:07:47', NULL),
	(6, 'PSGI19037997', 8, '2019-08-04 11:09:55', '2019-08-04 11:09:55', NULL),
	(7, 'PSGI19037990', 8, '2019-08-04 11:11:00', '2019-08-04 11:11:00', NULL),
	(8, 'PSGI19028243', 8, '2019-08-06 10:25:38', '2019-08-06 10:25:38', NULL),
	(9, 'PSGI19038863', 8, '2019-08-07 08:33:08', '2019-08-07 08:33:08', NULL),
	(10, 'TV CORP', 5, '2019-08-07 14:49:15', '2019-08-07 14:49:15', NULL),
	(11, 'PSGI19039246', 8, '2019-08-07 15:29:40', '2019-08-07 15:29:40', NULL),
	(12, 'PSGI19039331', 8, '2019-08-07 16:22:18', '2019-08-07 16:22:18', NULL),
	(13, 'RM/1835', 5, '2019-08-07 18:15:28', '2019-08-07 18:15:28', NULL),
	(14, 'PSGI19039729', 8, '2019-08-08 18:16:14', '2019-08-08 18:16:14', NULL),
	(15, 'RM/1877', 5, '2019-08-08 18:19:54', '2019-08-08 18:19:54', NULL);
/*!40000 ALTER TABLE `inventories` ENABLE KEYS */;

-- Dumping structure for table sqindia.inventory_products
DROP TABLE IF EXISTS `inventory_products`;
CREATE TABLE IF NOT EXISTS `inventory_products` (
  `id` bigint(20) unsigned NOT NULL AUTO_INCREMENT,
  `inventory_id` int(11) NOT NULL,
  `product_id` int(11) NOT NULL,
  `inventory_product_qty` int(11) NOT NULL,
  `purchase_price_per_qty` int(11) NOT NULL,
  `created_at` timestamp NULL DEFAULT NULL,
  `updated_at` timestamp NULL DEFAULT NULL,
  `deleted_at` timestamp NULL DEFAULT NULL,
  PRIMARY KEY (`id`),
  KEY `inventory_products_inventory_id_foreign` (`inventory_id`),
  KEY `inventory_products_product_id_foreign` (`product_id`)
) ENGINE=MyISAM AUTO_INCREMENT=232 DEFAULT CHARSET=utf8;

-- Dumping data for table sqindia.inventory_products: 229 rows
/*!40000 ALTER TABLE `inventory_products` DISABLE KEYS */;
REPLACE INTO `inventory_products` (`id`, `inventory_id`, `product_id`, `inventory_product_qty`, `purchase_price_per_qty`, `created_at`, `updated_at`, `deleted_at`) VALUES
	(1, 1, 88, 2, 0, '2019-07-31 14:03:42', '2019-07-31 14:03:42', NULL),
	(2, 1, 73, 1, 0, '2019-07-31 14:05:56', '2019-07-31 14:05:56', NULL),
	(3, 1, 72, 1, 0, '2019-07-31 14:07:21', '2019-07-31 14:07:21', NULL),
	(4, 1, 92, 1, 0, '2019-07-31 14:10:08', '2019-07-31 14:10:08', NULL),
	(5, 1, 91, 1, 0, '2019-07-31 14:10:37', '2019-07-31 14:10:37', NULL),
	(6, 2, 144, 61, 0, '2019-07-31 15:29:19', '2019-08-02 14:56:26', NULL),
	(7, 2, 149, 9, 0, '2019-07-31 15:33:08', '2019-08-02 14:56:55', NULL),
	(8, 2, 146, 31, 0, '2019-07-31 15:34:21', '2019-08-02 14:52:09', NULL),
	(9, 2, 145, 30, 0, '2019-07-31 15:35:11', '2019-08-02 15:01:10', NULL),
	(10, 2, 152, 1, 0, '2019-07-31 15:35:57', '2019-07-31 15:35:57', NULL),
	(11, 2, 154, 2, 0, '2019-07-31 15:36:53', '2019-08-02 14:58:53', NULL),
	(12, 2, 153, 2, 0, '2019-07-31 15:38:20', '2019-07-31 15:38:20', NULL),
	(13, 2, 150, 4, 0, '2019-07-31 15:38:58', '2019-08-02 15:00:07', NULL),
	(14, 2, 159, 13, 0, '2019-07-31 15:40:29', '2019-08-02 15:24:24', NULL),
	(15, 2, 162, 2, 0, '2019-07-31 15:41:01', '2019-08-02 15:25:16', NULL),
	(16, 2, 61, 3, 0, '2019-07-31 15:42:16', '2019-08-01 17:40:28', NULL),
	(17, 2, 53, 11, 0, '2019-07-31 15:43:04', '2019-08-02 11:21:21', NULL),
	(18, 2, 54, 29, 0, '2019-07-31 15:44:21', '2019-08-02 15:52:15', NULL),
	(19, 2, 55, 28, 0, '2019-07-31 15:45:24', '2019-08-02 15:47:54', NULL),
	(20, 2, 58, 5, 0, '2019-07-31 15:46:12', '2019-08-01 17:53:32', NULL),
	(21, 2, 52, 6, 0, '2019-07-31 15:47:17', '2019-08-02 11:15:39', NULL),
	(22, 2, 11, 20, 0, '2019-07-31 15:48:52', '2019-08-02 11:04:52', NULL),
	(23, 2, 9, 21, 0, '2019-07-31 15:50:38', '2019-08-02 15:36:13', NULL),
	(24, 2, 10, 16, 0, '2019-07-31 15:51:53', '2019-08-02 15:36:56', NULL),
	(25, 2, 17, 7, 0, '2019-07-31 15:52:29', '2019-08-02 15:37:41', NULL),
	(26, 2, 2, 4, 0, '2019-07-31 15:53:18', '2019-08-01 17:48:59', NULL),
	(27, 2, 1, 8, 0, '2019-07-31 15:53:43', '2019-08-09 15:20:33', NULL),
	(28, 2, 3, 8, 0, '2019-07-31 15:54:26', '2019-08-02 15:08:29', NULL),
	(29, 2, 6, 2, 0, '2019-07-31 15:54:54', '2019-08-01 16:20:49', NULL),
	(30, 2, 8, 2, 0, '2019-07-31 15:55:36', '2019-08-02 15:09:38', NULL),
	(31, 2, 45, 5, 0, '2019-07-31 15:57:14', '2019-08-01 16:04:15', NULL),
	(32, 2, 41, 1, 0, '2019-07-31 15:57:45', '2019-07-31 15:57:45', NULL),
	(33, 2, 46, 1, 0, '2019-07-31 15:59:15', '2019-07-31 15:59:15', NULL),
	(34, 2, 48, 1, 0, '2019-07-31 16:00:05', '2019-07-31 16:00:05', NULL),
	(35, 2, 121, 5, 0, '2019-07-31 16:04:07', '2019-08-02 10:49:55', NULL),
	(36, 2, 119, 2, 0, '2019-07-31 16:04:47', '2019-08-01 17:56:12', NULL),
	(37, 2, 123, 3, 0, '2019-07-31 16:05:31', '2019-08-01 17:55:51', NULL),
	(38, 2, 122, 1, 0, '2019-07-31 16:05:54', '2019-07-31 16:05:54', NULL),
	(39, 2, 103, 24, 0, '2019-07-31 16:08:38', '2019-08-02 15:14:13', NULL),
	(40, 2, 104, 1, 0, '2019-07-31 16:09:57', '2019-07-31 16:09:57', NULL),
	(41, 2, 107, 4, 0, '2019-07-31 16:10:25', '2019-08-01 18:05:09', NULL),
	(42, 2, 166, 5, 0, '2019-07-31 16:12:09', '2019-08-02 15:12:33', NULL),
	(43, 2, 165, 4, 0, '2019-07-31 16:15:58', '2019-08-02 10:54:09', NULL),
	(44, 2, 26, 8, 0, '2019-07-31 16:31:46', '2019-08-02 15:07:24', NULL),
	(45, 2, 29, 7, 0, '2019-07-31 16:32:27', '2019-08-02 15:06:19', NULL),
	(46, 2, 21, 5, 0, '2019-07-31 16:33:07', '2019-08-02 15:07:04', NULL),
	(47, 2, 24, 6, 0, '2019-07-31 16:33:35', '2019-08-02 15:05:40', NULL),
	(48, 2, 102, 1, 0, '2019-07-31 16:56:16', '2019-07-31 16:56:16', NULL),
	(49, 2, 124, 1, 0, '2019-07-31 16:57:32', '2019-07-31 16:57:32', NULL),
	(50, 2, 101, 3, 0, '2019-07-31 17:04:53', '2019-08-02 10:29:29', NULL),
	(51, 2, 93, 2, 0, '2019-07-31 17:05:29', '2019-08-02 15:53:10', NULL),
	(52, 2, 133, 2, 0, '2019-07-31 17:06:09', '2019-08-02 10:51:00', NULL),
	(53, 2, 167, 1, 0, '2019-07-31 17:07:23', '2019-07-31 17:07:23', NULL),
	(54, 2, 73, 3, 0, '2019-07-31 17:32:37', '2019-08-01 18:06:57', NULL),
	(55, 2, 72, 3, 0, '2019-07-31 17:33:03', '2019-08-01 18:08:46', NULL),
	(56, 2, 91, 2, 0, '2019-07-31 17:35:22', '2019-08-01 18:09:34', NULL),
	(57, 2, 66, 1, 0, '2019-07-31 17:38:04', '2019-07-31 17:38:04', NULL),
	(58, 2, 168, 1, 0, '2019-07-31 17:39:16', '2019-07-31 17:39:16', NULL),
	(59, 2, 76, 1, 0, '2019-07-31 17:40:07', '2019-07-31 17:40:07', NULL),
	(60, 2, 75, 1, 0, '2019-07-31 17:40:35', '2019-07-31 17:40:35', NULL),
	(61, 2, 169, 4, 0, '2019-07-31 17:42:50', '2019-08-02 15:21:33', NULL),
	(62, 2, 68, 1, 0, '2019-07-31 17:43:17', '2019-07-31 17:43:17', NULL),
	(63, 2, 78, 1, 0, '2019-07-31 17:44:10', '2019-07-31 17:44:10', NULL),
	(64, 1, 88, 2, 0, '2019-07-31 17:46:37', '2019-07-31 17:46:37', NULL),
	(65, 1, 92, 1, 0, '2019-07-31 17:47:47', '2019-07-31 17:47:47', NULL),
	(66, 1, 72, 1, 0, '2019-07-31 17:48:14', '2019-07-31 17:48:14', NULL),
	(67, 1, 73, 1, 0, '2019-07-31 17:48:44', '2019-07-31 17:48:44', NULL),
	(68, 2, 42, 1, 0, '2019-07-31 18:49:00', '2019-07-31 18:49:00', NULL),
	(91, 2, 20, 2, 0, '2019-08-01 14:21:47', '2019-08-01 16:11:11', NULL),
	(70, 1, 73, 1, 0, '2019-08-01 11:23:23', '2019-08-01 11:23:23', NULL),
	(71, 1, 72, 1, 0, '2019-08-01 11:28:57', '2019-08-01 11:28:57', NULL),
	(72, 1, 91, 1, 0, '2019-08-01 11:29:32', '2019-08-01 11:29:32', NULL),
	(73, 1, 92, 1, 0, '2019-08-01 11:30:10', '2019-08-01 11:30:10', NULL),
	(74, 1, 88, 1, 0, '2019-08-01 11:33:16', '2019-08-01 11:33:16', NULL),
	(75, 1, 83, 1, 0, '2019-08-01 11:33:55', '2019-08-01 11:33:55', NULL),
	(76, 1, 72, 1, 0, '2019-08-01 11:34:22', '2019-08-01 11:34:22', NULL),
	(77, 1, 88, 1, 0, '2019-08-01 11:38:05', '2019-08-01 11:38:05', NULL),
	(78, 1, 72, 2, 0, '2019-08-01 11:39:06', '2019-08-01 11:39:06', NULL),
	(79, 1, 73, 1, 0, '2019-08-01 11:39:53', '2019-08-01 11:39:53', NULL),
	(80, 1, 91, 1, 0, '2019-08-01 11:40:26', '2019-08-01 11:40:26', NULL),
	(81, 1, 88, 1, 0, '2019-08-01 11:45:36', '2019-08-01 11:45:36', NULL),
	(82, 1, 73, 1, 0, '2019-08-01 11:46:21', '2019-08-01 11:46:21', NULL),
	(83, 1, 72, 1, 0, '2019-08-01 11:46:46', '2019-08-01 11:46:46', NULL),
	(84, 1, 91, 1, 0, '2019-08-01 11:47:18', '2019-08-01 11:47:18', NULL),
	(85, 1, 88, 1, 0, '2019-08-01 11:50:51', '2019-08-01 11:50:51', NULL),
	(86, 1, 72, 1, 0, '2019-08-01 12:19:14', '2019-08-01 12:19:14', NULL),
	(87, 1, 73, 2, 0, '2019-08-01 12:19:53', '2019-08-01 12:19:53', NULL),
	(88, 1, 91, 1, 0, '2019-08-01 12:20:31', '2019-08-01 12:20:31', NULL),
	(89, 1, 92, 2, 0, '2019-08-01 12:21:04', '2019-08-01 12:21:04', NULL),
	(90, 1, 88, 2, 0, '2019-08-01 12:22:41', '2019-08-01 12:22:41', NULL),
	(92, 2, 19, 3, 0, '2019-08-01 14:33:17', '2019-08-01 14:33:56', NULL),
	(93, 2, 28, 1, 0, '2019-08-01 14:36:33', '2019-08-01 14:36:33', NULL),
	(94, 2, 113, 1, 0, '2019-08-01 14:50:13', '2019-08-01 14:50:13', NULL),
	(95, 2, 105, 1, 0, '2019-08-01 14:55:01', '2019-08-01 14:55:01', NULL),
	(96, 2, 144, 10, 0, '2019-08-01 14:55:27', '2019-08-01 14:55:27', NULL),
	(97, 2, 139, 1, 0, '2019-08-01 14:55:48', '2019-08-01 14:55:48', NULL),
	(98, 2, 136, 1, 0, '2019-08-01 14:56:18', '2019-08-01 14:56:18', NULL),
	(99, 2, 143, 1, 0, '2019-08-01 14:57:07', '2019-08-01 14:57:07', NULL),
	(100, 2, 87, 5, 0, '2019-08-01 15:00:17', '2019-08-02 15:18:42', NULL),
	(101, 2, 92, 3, 0, '2019-08-01 15:01:43', '2019-08-02 15:21:05', NULL),
	(102, 2, 77, 1, 0, '2019-08-01 15:02:08', '2019-08-01 15:02:08', NULL),
	(103, 2, 12, 1, 0, '2019-08-01 15:03:07', '2019-08-01 15:03:07', NULL),
	(104, 2, 4, 4, 0, '2019-08-01 15:04:46', '2019-08-01 17:50:00', NULL),
	(105, 2, 150, 1, 0, '2019-08-01 15:04:47', '2019-08-01 15:04:47', NULL),
	(106, 2, 5, 5, 0, '2019-08-01 15:05:18', '2019-08-02 15:08:59', NULL),
	(107, 2, 155, 1, 0, '2019-08-01 15:05:32', '2019-08-01 15:05:32', NULL),
	(108, 2, 161, 4, 0, '2019-08-01 15:06:02', '2019-08-02 15:26:03', NULL),
	(109, 2, 158, 7, 0, '2019-08-01 15:07:10', '2019-08-02 11:16:16', NULL),
	(110, 2, 157, 2, 0, '2019-08-01 15:08:05', '2019-08-01 15:08:14', NULL),
	(111, 2, 145, 4, 0, '2019-08-01 15:10:02', '2019-08-01 15:10:02', NULL),
	(112, 2, 146, 4, 0, '2019-08-01 15:11:17', '2019-08-01 15:11:17', NULL),
	(113, 2, 153, 2, 0, '2019-08-01 15:12:01', '2019-08-01 15:12:01', NULL),
	(114, 2, 157, 1, 0, '2019-08-01 15:14:18', '2019-08-01 15:14:18', NULL),
	(118, 2, 55, 1, 0, '2019-08-01 15:23:28', '2019-08-01 15:23:28', NULL),
	(116, 2, 159, 2, 0, '2019-08-01 15:15:47', '2019-08-01 15:15:47', NULL),
	(117, 2, 160, 1, 0, '2019-08-01 15:16:13', '2019-08-01 15:16:13', NULL),
	(119, 2, 30, 5, 0, '2019-08-01 15:30:54', '2019-08-02 10:37:32', NULL),
	(120, 2, 55, 3, 0, '2019-08-01 15:32:44', '2019-08-01 15:32:44', NULL),
	(121, 2, 170, 3, 0, '2019-08-01 15:35:36', '2019-08-02 15:34:26', NULL),
	(122, 2, 50, 4, 0, '2019-08-01 15:43:32', '2019-08-01 17:53:48', NULL),
	(123, 2, 59, 1, 0, '2019-08-01 15:45:58', '2019-08-01 15:45:58', NULL),
	(124, 2, 171, 1, 0, '2019-08-01 15:49:12', '2019-08-01 15:49:12', NULL),
	(125, 2, 54, 4, 0, '2019-08-01 15:50:59', '2019-08-01 15:50:59', NULL),
	(126, 2, 61, 1, 0, '2019-08-01 15:52:07', '2019-08-01 15:52:07', NULL),
	(127, 2, 56, 11, 0, '2019-08-01 15:52:17', '2019-08-02 15:48:19', NULL),
	(128, 2, 52, 3, 0, '2019-08-01 15:53:03', '2019-08-01 15:53:03', NULL),
	(129, 2, 58, 1, 0, '2019-08-01 15:53:50', '2019-08-01 15:53:50', NULL),
	(130, 2, 31, 4, 0, '2019-08-01 15:55:59', '2019-08-02 15:33:49', NULL),
	(131, 2, 42, 1, 0, '2019-08-01 15:56:19', '2019-08-01 15:56:19', NULL),
	(132, 2, 172, 3, 0, '2019-08-01 15:58:04', '2019-08-02 15:31:08', NULL),
	(133, 2, 121, 1, 0, '2019-08-01 15:58:29', '2019-08-01 15:58:29', NULL),
	(134, 2, 119, 1, 0, '2019-08-01 15:59:07', '2019-08-01 15:59:07', NULL),
	(135, 2, 117, 3, 0, '2019-08-01 16:00:17', '2019-08-02 15:16:11', NULL),
	(136, 2, 165, 1, 0, '2019-08-01 16:00:36', '2019-08-01 16:00:36', NULL),
	(137, 2, 166, 2, 0, '2019-08-01 16:01:03', '2019-08-01 16:01:03', NULL),
	(138, 2, 103, 3, 0, '2019-08-01 16:01:35', '2019-08-01 16:01:35', NULL),
	(139, 2, 173, 1, 0, '2019-08-01 16:03:08', '2019-08-01 16:03:08', NULL),
	(140, 2, 30, 1, 0, '2019-08-01 16:03:51', '2019-08-01 16:03:51', NULL),
	(141, 2, 21, 1, 0, '2019-08-01 16:04:18', '2019-08-01 16:04:18', NULL),
	(142, 2, 24, 2, 0, '2019-08-01 16:04:48', '2019-08-01 16:04:48', NULL),
	(143, 2, 174, 2, 0, '2019-08-01 16:06:29', '2019-08-01 17:57:38', NULL),
	(144, 2, 29, 1, 0, '2019-08-01 16:06:59', '2019-08-01 16:06:59', NULL),
	(145, 2, 72, 1, 0, '2019-08-01 16:10:48', '2019-08-01 16:10:48', NULL),
	(146, 2, 87, 1, 0, '2019-08-01 16:12:46', '2019-08-01 16:12:46', NULL),
	(147, 2, 62, 3, 0, '2019-08-01 16:14:06', '2019-08-02 10:30:26', NULL),
	(148, 2, 169, 1, 0, '2019-08-01 16:15:27', '2019-08-01 16:15:27', NULL),
	(149, 2, 3, 1, 0, '2019-08-01 16:20:13', '2019-08-01 16:20:13', NULL),
	(150, 2, 2, 1, 0, '2019-08-01 16:20:42', '2019-08-01 16:20:42', NULL),
	(151, 2, 1, 1, 0, '2019-08-01 16:21:48', '2019-08-01 16:21:48', NULL),
	(152, 2, 4, 1, 0, '2019-08-01 16:22:23', '2019-08-01 16:22:23', NULL),
	(153, 2, 134, 2, 0, '2019-08-01 16:23:53', '2019-08-02 10:51:29', NULL),
	(154, 2, 136, 2, 0, '2019-08-01 16:25:03', '2019-08-01 16:25:03', NULL),
	(155, 2, 137, 1, 0, '2019-08-01 16:25:25', '2019-08-01 16:25:25', NULL),
	(156, 2, 138, 1, 0, '2019-08-01 16:25:59', '2019-08-01 16:25:59', NULL),
	(157, 2, 139, 1, 0, '2019-08-01 16:27:12', '2019-08-01 16:27:12', NULL),
	(158, 2, 140, 1, 0, '2019-08-01 16:28:01', '2019-08-01 16:28:01', NULL),
	(159, 2, 135, 1, 0, '2019-08-01 16:30:07', '2019-08-01 16:30:07', NULL),
	(160, 2, 101, 1, 0, '2019-08-01 16:31:29', '2019-08-01 16:31:29', NULL),
	(161, 2, 93, 1, 0, '2019-08-01 16:32:09', '2019-08-01 16:32:09', NULL),
	(162, 2, 11, 3, 0, '2019-08-01 16:33:13', '2019-08-01 16:33:13', NULL),
	(163, 2, 9, 3, 0, '2019-08-01 16:33:56', '2019-08-01 16:33:56', NULL),
	(164, 2, 10, 3, 0, '2019-08-01 16:34:30', '2019-08-01 16:34:30', NULL),
	(165, 2, 98, 2, 0, '2019-08-01 16:35:22', '2019-08-01 16:35:22', NULL),
	(166, 2, 97, 1, 0, '2019-08-01 16:35:56', '2019-08-01 16:35:56', NULL),
	(167, 2, 99, 1, 0, '2019-08-01 16:36:39', '2019-08-01 16:36:39', NULL),
	(168, 2, 144, 19, 0, '2019-08-01 17:06:09', '2019-08-01 17:06:09', NULL),
	(169, 2, 150, 1, 0, '2019-08-01 17:08:00', '2019-08-01 17:08:00', NULL),
	(170, 2, 149, 4, 0, '2019-08-01 17:09:10', '2019-08-01 17:09:10', NULL),
	(171, 2, 145, 5, 0, '2019-08-01 17:18:18', '2019-08-01 17:18:18', NULL),
	(172, 2, 147, 9, 0, '2019-08-01 17:31:40', '2019-08-02 14:54:11', NULL),
	(173, 2, 175, 1, 0, '2019-08-01 17:46:58', '2019-08-01 17:46:58', NULL),
	(174, 2, 13, 2, 0, '2019-08-01 17:48:04', '2019-08-02 15:11:28', NULL),
	(175, 2, 15, 1, 0, '2019-08-01 17:48:21', '2019-08-01 17:48:21', NULL),
	(176, 2, 141, 2, 0, '2019-08-01 17:50:23', '2019-08-02 10:52:05', NULL),
	(177, 2, 176, 1, 0, '2019-08-01 17:51:31', '2019-08-01 17:51:31', NULL),
	(178, 2, 163, 1, 0, '2019-08-01 17:52:45', '2019-08-01 17:52:45', NULL),
	(179, 2, 164, 1, 0, '2019-08-01 17:52:56', '2019-08-01 17:52:56', NULL),
	(180, 2, 22, 1, 0, '2019-08-01 18:00:18', '2019-08-01 18:00:18', NULL),
	(181, 2, 114, 2, 0, '2019-08-01 18:00:53', '2019-08-01 18:03:19', NULL),
	(182, 2, 117, 2, 0, '2019-08-01 18:04:18', '2019-08-01 18:04:32', NULL),
	(183, 2, 63, 1, 0, '2019-08-01 18:07:17', '2019-08-01 18:07:17', NULL),
	(184, 2, 69, 3, 0, '2019-08-01 18:07:38', '2019-08-02 15:20:14', NULL),
	(185, 3, 169, 10, 0, '2019-08-02 10:20:21', '2019-08-02 10:20:21', NULL),
	(186, 3, 72, 3, 0, '2019-08-02 10:21:25', '2019-08-02 10:21:25', NULL),
	(187, 3, 91, 2, 0, '2019-08-02 10:23:46', '2019-08-02 10:23:46', NULL),
	(188, 2, 7, 1, 0, '2019-08-02 10:28:15', '2019-08-02 10:28:15', NULL),
	(189, 2, 14, 1, 0, '2019-08-02 10:28:36', '2019-08-02 10:28:36', NULL),
	(190, 2, 16, 1, 0, '2019-08-02 10:28:52', '2019-08-02 10:28:52', NULL),
	(191, 3, 127, 2, 0, '2019-08-02 10:29:54', '2019-08-02 10:29:54', NULL),
	(192, 4, 2, 10, 0, '2019-08-02 10:34:23', '2019-08-02 10:34:23', NULL),
	(193, 2, 71, 3, 0, '2019-08-02 10:34:45', '2019-08-02 10:36:00', NULL),
	(194, 4, 1, 10, 0, '2019-08-02 10:36:19', '2019-08-02 10:36:19', NULL),
	(195, 4, 4, 5, 0, '2019-08-02 10:39:00', '2019-08-02 10:39:00', NULL),
	(196, 4, 5, 6, 0, '2019-08-02 10:41:07', '2019-08-02 10:41:07', NULL),
	(197, 4, 10, 10, 0, '2019-08-02 10:43:24', '2019-08-02 10:43:24', NULL),
	(198, 4, 9, 3, 0, '2019-08-02 10:44:30', '2019-08-02 10:44:30', NULL),
	(199, 4, 17, 10, 0, '2019-08-02 10:46:48', '2019-08-02 10:46:48', NULL),
	(200, 2, 115, 2, 0, '2019-08-02 10:56:44', '2019-08-02 15:13:42', NULL),
	(201, 2, 116, 2, 0, '2019-08-02 10:59:13', '2019-08-02 15:15:00', NULL),
	(202, 2, 177, 3, 0, '2019-08-02 11:03:55', '2019-08-02 15:17:11', NULL),
	(203, 2, 151, 1, 0, '2019-08-02 11:11:34', '2019-08-02 11:11:34', NULL),
	(204, 2, 148, 3, 0, '2019-08-02 14:57:42', '2019-08-02 14:58:13', NULL),
	(205, 2, 88, 1, 0, '2019-08-02 15:19:01', '2019-08-02 15:19:01', NULL),
	(206, 2, 96, 1, 0, '2019-08-02 15:26:44', '2019-08-02 15:26:44', NULL),
	(207, 2, 43, 1, 0, '2019-08-02 15:35:29', '2019-08-02 15:35:29', NULL),
	(208, 5, 178, 1, 0, '2019-08-03 14:07:47', '2019-08-03 14:07:47', NULL),
	(209, 5, 178, 1, 0, '2019-08-03 16:24:52', '2019-08-03 16:24:52', NULL),
	(210, 5, 179, 1, 0, '2019-08-03 16:26:21', '2019-08-03 16:26:21', NULL),
	(211, 5, 178, 4, 0, '2019-08-03 16:34:38', '2019-08-03 16:34:38', NULL),
	(212, 5, 177, 1, 0, '2019-08-03 16:37:10', '2019-08-03 16:37:10', NULL),
	(213, 6, 174, 6, 0, '2019-08-04 11:09:55', '2019-08-04 11:09:55', NULL),
	(214, 7, 29, 2, 0, '2019-08-04 11:11:00', '2019-08-04 11:11:00', NULL),
	(215, 6, 24, 2, 0, '2019-08-04 11:11:46', '2019-08-04 11:11:46', NULL),
	(216, 6, 30, 3, 0, '2019-08-04 11:13:12', '2019-08-04 11:13:12', NULL),
	(217, 8, 174, 5, 0, '2019-08-06 10:25:38', '2019-08-06 10:25:38', NULL),
	(218, 8, 26, 2, 0, '2019-08-06 10:26:33', '2019-08-06 10:26:33', NULL),
	(219, 8, 30, 2, 0, '2019-08-06 10:27:10', '2019-08-06 10:27:10', NULL),
	(220, 8, 19, 2, 0, '2019-08-06 10:28:55', '2019-08-06 10:28:55', NULL),
	(221, 9, 29, 2, 0, '2019-08-07 08:33:08', '2019-08-07 08:33:08', NULL),
	(222, 9, 174, 2, 0, '2019-08-07 08:34:05', '2019-08-07 08:34:05', NULL),
	(223, 9, 30, 2, 0, '2019-08-07 08:34:39', '2019-08-07 08:34:39', NULL),
	(224, 9, 24, 2, 0, '2019-08-07 08:35:13', '2019-08-07 08:35:13', NULL),
	(225, 9, 21, 4, 0, '2019-08-07 08:36:34', '2019-08-07 08:36:34', NULL),
	(226, 10, 111, 1, 0, '2019-08-07 14:49:15', '2019-08-07 14:49:15', NULL),
	(227, 11, 20, 1, 0, '2019-08-07 15:29:40', '2019-08-07 15:29:40', NULL),
	(228, 12, 181, 4, 0, '2019-08-07 16:22:18', '2019-08-07 16:22:18', NULL),
	(229, 13, 107, 5, 0, '2019-08-07 18:15:28', '2019-08-07 18:15:28', NULL),
	(230, 14, 181, 2, 0, '2019-08-08 18:16:14', '2019-08-08 18:16:14', NULL),
	(231, 15, 103, 25, 0, '2019-08-08 18:19:54', '2019-08-08 18:19:54', NULL);
/*!40000 ALTER TABLE `inventory_products` ENABLE KEYS */;

-- Dumping structure for table sqindia.inventory_product_details
DROP TABLE IF EXISTS `inventory_product_details`;
CREATE TABLE IF NOT EXISTS `inventory_product_details` (
  `id` bigint(20) unsigned NOT NULL AUTO_INCREMENT,
  `inventory_product_id` int(11) NOT NULL,
  `product_id` int(11) NOT NULL,
  `imei_number` varchar(191) NOT NULL,
  `imei_qty` int(11) DEFAULT '1',
  `branch_id` int(11) NOT NULL,
  `received_from` int(11) DEFAULT NULL,
  `received_at` timestamp NULL DEFAULT NULL,
  `sales_invoice` varchar(191) DEFAULT NULL,
  `sales_at` timestamp NULL DEFAULT NULL,
  `sale_by` int(11) DEFAULT NULL,
  `created_at` timestamp NULL DEFAULT NULL,
  `updated_at` timestamp NULL DEFAULT NULL,
  `deleted_at` timestamp NULL DEFAULT NULL,
  PRIMARY KEY (`id`),
  KEY `inventory_product_details_inventory_product_id_foreign` (`inventory_product_id`),
  KEY `inventory_product_details_branch_id_foreign` (`branch_id`),
  KEY `inventory_product_details_user_id_foreign` (`sale_by`),
  KEY `inventory_product_details_received_from_foreign` (`received_from`)
) ENGINE=MyISAM AUTO_INCREMENT=872 DEFAULT CHARSET=utf8;

-- Dumping data for table sqindia.inventory_product_details: 868 rows
/*!40000 ALTER TABLE `inventory_product_details` DISABLE KEYS */;
REPLACE INTO `inventory_product_details` (`id`, `inventory_product_id`, `product_id`, `imei_number`, `imei_qty`, `branch_id`, `received_from`, `received_at`, `sales_invoice`, `sales_at`, `sale_by`, `created_at`, `updated_at`, `deleted_at`) VALUES
	(1, 1, 88, '865230041690345', 1, 4, 1, '2019-08-03 18:40:13', '23378', '2019-08-03 18:40:13', 13, NULL, '2019-08-03 18:40:13', NULL),
	(2, 1, 88, '864356045529097', 1, 3, 1, NULL, NULL, NULL, NULL, NULL, NULL, NULL),
	(3, 2, 73, '868514049365357', 1, 4, 1, '2019-08-08 12:45:38', '23515', '2019-08-08 12:49:08', 13, NULL, '2019-08-08 12:49:08', NULL),
	(4, 3, 72, '868158040757178', 1, 2, 3, NULL, NULL, NULL, NULL, NULL, '2019-08-09 15:06:09', NULL),
	(5, 4, 92, '868559047986332', 1, 4, 2, NULL, NULL, NULL, NULL, NULL, '2019-08-09 15:09:47', NULL),
	(6, 5, 91, '866300047816035', 1, 2, 1, '2019-08-07 14:15:43', 'SQM23478', '2019-08-07 14:16:02', 7, NULL, '2019-08-07 14:16:02', NULL),
	(7, 6, 144, '357934106860884', 1, 2, 1, '2019-08-09 12:43:29', NULL, NULL, NULL, NULL, NULL, NULL),
	(8, 6, 144, '357934106782369', 1, 2, 1, '2019-08-09 12:43:29', NULL, NULL, NULL, NULL, NULL, NULL),
	(9, 6, 144, '357934106862468', 1, 2, 1, '2019-08-09 12:43:29', NULL, NULL, NULL, NULL, NULL, NULL),
	(10, 6, 144, '357934106870826', 1, 2, 1, '2019-08-09 12:43:29', NULL, NULL, NULL, NULL, NULL, NULL),
	(11, 6, 144, '357934106797367', 1, 2, 1, '2019-08-09 12:43:29', NULL, NULL, NULL, NULL, '2019-08-07 15:52:22', NULL),
	(12, 6, 144, '357934106854143', 1, 2, 1, '2019-08-04 08:37:31', 'SQM23379', '2019-08-04 08:37:31', 7, NULL, '2019-08-04 08:37:31', NULL),
	(13, 6, 144, '357934106863805', 1, 2, 1, '2019-08-09 12:43:29', NULL, NULL, NULL, NULL, NULL, NULL),
	(14, 6, 144, '357934106871220', 1, 2, 1, '2019-08-06 10:30:53', 'SQM23445', '2019-08-06 10:30:53', 7, NULL, '2019-08-06 10:30:53', NULL),
	(15, 6, 144, '357934106790545', 1, 2, 1, '2019-08-09 12:43:29', NULL, NULL, NULL, NULL, NULL, NULL),
	(16, 6, 144, '357934106862781', 1, 2, 1, '2019-08-09 12:43:29', NULL, NULL, NULL, NULL, NULL, NULL),
	(17, 6, 144, '357934106799702', 1, 2, 1, '2019-08-09 12:43:29', NULL, NULL, NULL, NULL, NULL, NULL),
	(18, 6, 144, '357934106861627', 1, 2, 1, '2019-08-09 12:43:29', NULL, NULL, NULL, NULL, NULL, NULL),
	(19, 6, 144, '357934106858961', 1, 2, 1, '2019-08-09 12:43:29', NULL, NULL, NULL, NULL, NULL, NULL),
	(20, 6, 144, '357934106864803', 1, 2, 1, '2019-08-09 12:43:29', NULL, NULL, NULL, NULL, NULL, NULL),
	(21, 6, 144, '357934106859043', 1, 2, 1, '2019-08-02 16:58:05', 'SQM23342', '2019-08-02 16:58:05', 7, NULL, '2019-08-02 16:58:05', NULL),
	(22, 6, 144, '359365100562937', 1, 2, 1, '2019-08-09 12:43:29', NULL, NULL, NULL, NULL, NULL, NULL),
	(23, 6, 144, '357934106870669', 1, 2, 1, '2019-08-09 12:43:29', NULL, NULL, NULL, NULL, NULL, NULL),
	(24, 6, 144, '357934106772923', 1, 2, 1, '2019-08-09 12:43:29', NULL, NULL, NULL, NULL, NULL, NULL),
	(25, 7, 149, '357936102602442', 1, 2, 1, '2019-08-09 12:43:29', NULL, NULL, NULL, NULL, NULL, NULL),
	(26, 8, 146, '911656601941427', 1, 2, 1, '2019-08-09 12:43:29', NULL, NULL, NULL, NULL, NULL, NULL),
	(27, 8, 146, '911656602343748', 1, 2, 1, '2019-08-09 12:43:29', NULL, NULL, NULL, NULL, NULL, NULL),
	(28, 8, 146, '911656602418169', 1, 2, 1, '2019-08-09 12:43:29', NULL, NULL, NULL, NULL, NULL, NULL),
	(29, 9, 145, '911659503722184', 1, 2, 1, '2019-08-09 12:43:29', NULL, NULL, NULL, NULL, NULL, NULL),
	(30, 9, 145, '911659503702889', 1, 2, 1, '2019-08-09 12:43:29', NULL, NULL, NULL, NULL, NULL, NULL),
	(31, 9, 145, '911654100450222', 1, 2, 1, '2019-08-09 12:43:29', NULL, NULL, NULL, NULL, NULL, NULL),
	(32, 10, 152, '911642159049524', 1, 2, 1, '2019-08-09 12:43:29', NULL, NULL, NULL, NULL, NULL, NULL),
	(33, 11, 154, '911611109658536', 1, 2, 1, '2019-08-09 12:43:29', NULL, NULL, NULL, NULL, NULL, NULL),
	(34, 12, 153, '911594452236508', 1, 2, 1, '2019-08-09 12:43:29', NULL, NULL, NULL, NULL, NULL, NULL),
	(35, 12, 153, '911594452235682', 1, 2, 1, '2019-08-09 12:43:29', NULL, NULL, NULL, NULL, NULL, NULL),
	(36, 13, 150, '911641955532782', 1, 2, 1, '2019-08-09 12:43:29', NULL, NULL, NULL, NULL, NULL, NULL),
	(37, 14, 159, '911642452159582', 1, 2, 1, '2019-08-09 12:43:29', NULL, NULL, NULL, NULL, NULL, NULL),
	(38, 14, 159, '911642450236960', 1, 2, 1, '2019-08-09 12:43:29', NULL, NULL, NULL, NULL, NULL, NULL),
	(39, 15, 162, '911623003055099', 1, 2, 1, '2019-08-09 12:43:29', NULL, NULL, NULL, NULL, NULL, NULL),
	(40, 16, 61, '354201109915674', 1, 3, 1, '2019-08-09 12:43:29', NULL, NULL, NULL, NULL, NULL, NULL),
	(41, 17, 53, '358983094720054', 1, 2, 1, '2019-08-09 12:43:29', NULL, NULL, NULL, NULL, NULL, NULL),
	(42, 17, 53, '358983094720161', 1, 2, 1, '2019-08-09 12:43:29', NULL, NULL, NULL, NULL, NULL, NULL),
	(43, 18, 54, '354182104008360', 1, 2, 1, '2019-08-09 12:43:29', NULL, NULL, NULL, NULL, NULL, NULL),
	(44, 18, 54, '354184104960343', 1, 2, 1, '2019-08-09 12:43:29', NULL, NULL, NULL, NULL, NULL, NULL),
	(45, 18, 54, '354184104960970', 1, 2, 1, '2019-08-09 12:43:29', NULL, NULL, NULL, NULL, NULL, NULL),
	(46, 18, 54, '354184104962778', 1, 2, 1, '2019-08-09 12:43:29', NULL, NULL, NULL, NULL, NULL, NULL),
	(47, 18, 54, '354182104326259', 1, 2, 1, '2019-08-09 12:43:29', NULL, NULL, NULL, NULL, NULL, NULL),
	(48, 18, 54, '354184104962703', 1, 2, 1, '2019-08-09 12:43:29', NULL, NULL, NULL, NULL, NULL, NULL),
	(49, 19, 55, '355838095944967', 1, 2, 1, '2019-08-09 12:43:29', NULL, NULL, NULL, NULL, NULL, NULL),
	(50, 19, 55, '355838098473527', 1, 2, 1, '2019-08-09 12:43:29', NULL, NULL, NULL, NULL, NULL, NULL),
	(51, 19, 55, '359023092563781', 1, 2, 1, '2019-08-09 12:43:29', NULL, NULL, NULL, NULL, NULL, NULL),
	(52, 20, 58, '352918102126114', 1, 2, 1, '2019-08-09 12:43:29', NULL, NULL, NULL, NULL, NULL, NULL),
	(53, 21, 52, '357311089539597', 1, 2, 1, '2019-08-09 12:43:29', NULL, NULL, NULL, NULL, NULL, NULL),
	(54, 22, 11, '357350107277012', 1, 2, 1, '2019-08-03 16:53:24', 'SQM23360', '2019-08-03 16:53:24', 7, NULL, '2019-08-03 16:53:24', NULL),
	(55, 23, 9, '355201108505889', 1, 2, 1, '2019-08-09 12:43:29', NULL, NULL, NULL, NULL, NULL, NULL),
	(56, 23, 9, '357194100736495', 1, 2, 1, '2019-08-09 12:43:29', NULL, NULL, NULL, NULL, NULL, NULL),
	(57, 23, 9, '353573101453362', 1, 2, 1, '2019-08-09 12:43:29', NULL, NULL, NULL, NULL, NULL, NULL),
	(58, 23, 9, '355201108506143', 1, 2, 1, '2019-08-09 12:43:29', NULL, NULL, NULL, NULL, NULL, NULL),
	(59, 23, 9, '355201109523709', 1, 2, 1, '2019-08-09 12:43:29', NULL, NULL, NULL, NULL, NULL, NULL),
	(60, 23, 9, '355201109516786', 1, 2, 1, '2019-08-09 12:43:29', NULL, NULL, NULL, NULL, NULL, NULL),
	(61, 24, 10, '355091108476904', 1, 2, 1, '2019-08-09 12:43:29', NULL, NULL, NULL, NULL, NULL, NULL),
	(62, 24, 10, '357196100166953', 1, 2, 1, '2019-08-09 12:43:29', NULL, NULL, NULL, NULL, NULL, NULL),
	(63, 24, 10, '357196105384189', 1, 2, 1, '2019-08-09 12:43:29', NULL, NULL, NULL, NULL, NULL, NULL),
	(64, 25, 17, '356216101298463', 1, 2, 1, '2019-08-09 12:43:29', NULL, NULL, NULL, NULL, NULL, NULL),
	(65, 26, 2, '357348108380314', 1, 2, 1, '2019-08-08 16:27:03', 'SQM23510', '2019-08-08 16:29:15', 7, NULL, '2019-08-08 16:29:15', NULL),
	(66, 27, 1, '358972106618216', 1, 2, 1, '2019-08-09 12:43:29', NULL, NULL, NULL, NULL, NULL, NULL),
	(67, 28, 3, '356926100572466', 1, 6, 1, '2019-08-09 12:43:29', NULL, NULL, NULL, NULL, NULL, NULL),
	(68, 29, 6, '357192105529196', 1, 2, 1, '2019-08-09 12:43:29', NULL, NULL, NULL, NULL, NULL, NULL),
	(69, 30, 8, '355922101339782', 1, 2, 1, '2019-08-09 12:43:29', NULL, NULL, NULL, NULL, '2019-08-07 17:17:27', NULL),
	(70, 31, 31, '860720046062073', 1, 2, 1, '2019-08-09 12:43:29', NULL, NULL, NULL, NULL, NULL, NULL),
	(71, 31, 31, '860720046094118', 1, 3, 1, '2019-08-09 12:43:29', NULL, NULL, NULL, NULL, '2019-08-08 16:42:00', NULL),
	(72, 32, 41, '868848041953772', 1, 2, 1, '2019-08-06 16:37:45', 'SQM23456', '2019-08-06 16:37:45', 7, NULL, '2019-08-06 16:37:45', NULL),
	(73, 33, 46, '867453049638870', 1, 2, 1, '2019-08-04 15:24:54', 'SQM23402', '2019-08-04 15:24:54', 7, NULL, '2019-08-04 15:24:54', NULL),
	(74, 34, 48, '868632041684912', 1, 2, 1, '2019-08-07 17:27:00', 'SQM23491', '2019-08-07 17:27:21', 7, NULL, '2019-08-07 17:27:21', NULL),
	(75, 35, 121, '359849090327542', 1, 3, 1, '2019-08-09 12:43:29', NULL, NULL, NULL, NULL, NULL, NULL),
	(76, 35, 121, '359849090249183', 1, 2, 1, '2019-08-09 12:43:29', NULL, NULL, NULL, NULL, NULL, NULL),
	(77, 35, 121, '352205108401885', 1, 2, 1, '2019-08-09 12:43:29', NULL, NULL, NULL, NULL, NULL, NULL),
	(78, 36, 119, '352205109002468', 1, 2, 1, '2019-08-09 12:43:29', NULL, NULL, NULL, NULL, NULL, NULL),
	(79, 37, 123, '352380105131825', 1, 2, 1, '2019-08-09 12:43:29', NULL, NULL, NULL, NULL, NULL, NULL),
	(80, 38, 122, '352204101287763', 1, 2, 1, '2019-08-09 12:43:29', NULL, NULL, NULL, NULL, NULL, NULL),
	(81, 39, 103, '868084048091198', 1, 2, 1, '2019-08-02 19:00:36', 'SQM23349', '2019-08-02 19:00:36', 7, NULL, '2019-08-02 19:00:36', NULL),
	(82, 39, 103, '868084049511251', 1, 2, 1, '2019-08-04 14:35:21', 'SQM23398', '2019-08-04 14:35:21', 7, NULL, '2019-08-04 14:35:21', NULL),
	(83, 39, 103, '868084047385856', 1, 2, 1, '2019-08-09 12:43:29', NULL, NULL, NULL, NULL, NULL, NULL),
	(84, 39, 103, '868084049526119', 1, 2, 1, '2019-08-09 12:43:29', NULL, NULL, NULL, NULL, NULL, NULL),
	(85, 39, 103, '868084049530293', 1, 2, 1, '2019-08-04 18:28:36', 'SQM23414', '2019-08-04 18:28:36', 7, NULL, '2019-08-04 18:28:36', NULL),
	(86, 40, 104, '860252044238836', 1, 2, 1, '2019-08-09 12:43:29', NULL, NULL, NULL, NULL, NULL, NULL),
	(87, 41, 107, '869391044882614', 1, 3, 1, '2019-08-04 14:46:04', 'sqm23394', '2019-08-04 14:46:04', 12, NULL, '2019-08-04 14:46:04', NULL),
	(88, 42, 166, '865841045047413', 1, 3, 1, '2019-08-09 12:43:29', NULL, NULL, NULL, NULL, NULL, NULL),
	(89, 43, 165, '863376045245172', 1, 2, 1, '2019-08-09 12:43:29', NULL, NULL, NULL, NULL, NULL, NULL),
	(90, 44, 26, '869571045637519', 1, 2, 1, '2019-08-09 12:43:29', NULL, NULL, NULL, NULL, NULL, NULL),
	(91, 45, 29, '868091044874311', 1, 3, 1, '2019-08-03 17:53:21', 'sqm23369', '2019-08-03 17:53:21', 12, NULL, '2019-08-03 17:53:21', NULL),
	(92, 46, 21, '862222041448058', 1, 2, 1, '2019-08-09 12:43:29', NULL, NULL, NULL, NULL, NULL, NULL),
	(93, 47, 24, '866985048780550', 1, 8, 1, '2019-08-09 12:43:29', NULL, NULL, NULL, NULL, NULL, NULL),
	(94, 48, 102, '911637400248669', 1, 2, 1, '2019-08-09 12:43:29', NULL, NULL, NULL, NULL, NULL, NULL),
	(95, 49, 124, '863849030661108', 1, 2, 1, '2019-08-09 12:43:29', NULL, NULL, NULL, NULL, NULL, NULL),
	(96, 50, 101, '911628250032881', 1, 2, 1, '2019-08-09 12:43:29', NULL, NULL, NULL, NULL, NULL, NULL),
	(97, 51, 93, '861290040143260', 1, 2, 1, '2019-08-09 12:43:29', NULL, NULL, NULL, NULL, NULL, NULL),
	(98, 52, 133, '867045040830355', 1, 2, 1, '2019-08-09 12:43:29', NULL, NULL, NULL, NULL, NULL, NULL),
	(99, 53, 167, '353611090580199', 1, 2, 1, '2019-08-09 12:43:29', NULL, NULL, NULL, NULL, NULL, NULL),
	(100, 54, 73, '868514046523479', 1, 3, 1, '2019-08-09 12:43:29', NULL, NULL, NULL, NULL, NULL, NULL),
	(101, 54, 73, '868514047846036', 1, 2, 1, '2019-08-09 12:43:29', NULL, NULL, NULL, NULL, NULL, NULL),
	(102, 55, 72, '868158040774413', 1, 2, 1, '2019-08-09 12:43:29', NULL, NULL, NULL, NULL, NULL, NULL),
	(103, 56, 91, '868559048069310', 1, 2, 1, '2019-08-08 17:43:05', 'SQM23532', '2019-08-08 17:43:30', 7, NULL, '2019-08-08 17:43:30', NULL),
	(104, 57, 66, '866021047607675', 1, 5, 1, '2019-08-09 12:43:29', NULL, NULL, NULL, NULL, NULL, NULL),
	(105, 58, 168, '866021046053038', 1, 2, 1, '2019-08-09 12:43:29', NULL, NULL, NULL, NULL, NULL, NULL),
	(106, 59, 76, '868130035319991', 1, 2, 1, '2019-08-09 12:43:29', NULL, NULL, NULL, NULL, NULL, NULL),
	(107, 60, 75, '864547042557772', 1, 2, 1, '2019-08-09 12:43:29', NULL, NULL, NULL, NULL, NULL, NULL),
	(108, 61, 169, '868609044015799', 1, 2, 1, '2019-08-06 09:46:20', 'SQM23442', '2019-08-06 09:46:20', 7, NULL, '2019-08-06 09:46:20', NULL),
	(109, 62, 68, '866047048613370', 1, 2, 1, '2019-08-09 12:43:29', NULL, NULL, NULL, NULL, NULL, NULL),
	(110, 63, 78, '869033026833989', 1, 2, 1, '2019-08-09 12:43:29', NULL, NULL, NULL, NULL, NULL, NULL),
	(111, 64, 88, '864356045502698', 1, 4, 1, '2019-08-05 07:39:53', '23418', '2019-08-05 07:39:53', 13, NULL, '2019-08-05 07:39:53', NULL),
	(112, 64, 88, '865230041710564', 1, 4, 1, NULL, NULL, NULL, NULL, NULL, NULL, NULL),
	(113, 65, 92, '868559047985854', 1, 4, 1, '2019-08-02 14:56:37', 'SQM23331', '2019-08-02 14:56:37', 13, NULL, '2019-08-02 14:56:37', NULL),
	(114, 66, 72, '868158040682897', 1, 4, 1, NULL, NULL, NULL, NULL, NULL, NULL, NULL),
	(115, 67, 73, '868514047862397', 1, 4, 1, NULL, NULL, NULL, NULL, NULL, NULL, NULL),
	(116, 68, 42, '869897041374132', 1, 2, 1, '2019-07-30 21:30:00', 'SQM23289', '2019-07-30 21:30:00', 7, NULL, '2019-07-30 21:30:00', NULL),
	(143, 91, 20, '860508044218767', 1, 7, 1, '2019-08-09 12:43:29', NULL, NULL, NULL, NULL, NULL, NULL),
	(118, 70, 73, '868514049304455', 1, 3, 1, '2019-08-02 16:55:41', 'sqm23341', '2019-08-02 16:55:41', 12, NULL, '2019-08-02 16:55:41', NULL),
	(119, 71, 72, '868158040674258', 1, 3, 1, '2019-08-04 10:06:05', 'sqm23386', '2019-08-04 10:06:05', 12, NULL, '2019-08-04 10:06:05', NULL),
	(120, 72, 91, '866300047814410', 1, 3, 1, NULL, NULL, NULL, NULL, NULL, NULL, NULL),
	(121, 73, 92, '866300046781172', 1, 3, 1, NULL, NULL, NULL, NULL, NULL, NULL, NULL),
	(122, 74, 88, '864356045504199', 1, 4, 1, '2019-08-08 17:52:26', '23534', '2019-08-08 17:52:49', 13, NULL, '2019-08-08 17:52:49', NULL),
	(123, 75, 83, '868514049294953', 1, 5, 1, NULL, NULL, NULL, NULL, NULL, NULL, NULL),
	(124, 76, 72, '868158040747815', 1, 5, 1, NULL, NULL, NULL, NULL, NULL, NULL, NULL),
	(125, 77, 88, '864356045496073', 1, 6, 1, NULL, NULL, NULL, NULL, NULL, NULL, NULL),
	(126, 78, 72, '868158040755511', 1, 6, 1, NULL, NULL, NULL, NULL, NULL, NULL, NULL),
	(127, 78, 72, '868158040756097', 1, 6, 1, NULL, NULL, NULL, NULL, NULL, NULL, NULL),
	(128, 79, 73, '868158040750454', 1, 6, 1, '2019-08-04 15:46:57', 'SQM23404', '2019-08-04 15:46:57', 8, NULL, '2019-08-04 15:46:57', NULL),
	(129, 80, 91, '866300046116254', 1, 6, 1, NULL, NULL, NULL, NULL, NULL, NULL, NULL),
	(130, 81, 88, '864356045502052', 1, 8, 1, NULL, NULL, NULL, NULL, NULL, NULL, NULL),
	(131, 82, 73, '868158040168392', 1, 7, 1, NULL, NULL, NULL, NULL, NULL, NULL, NULL),
	(132, 83, 72, '868158040669316', 1, 7, 1, NULL, NULL, NULL, NULL, NULL, NULL, NULL),
	(133, 84, 91, '866300044208079', 1, 7, 1, NULL, NULL, NULL, NULL, NULL, NULL, NULL),
	(134, 85, 88, '865230041695781', 1, 8, 1, NULL, NULL, NULL, NULL, NULL, NULL, NULL),
	(135, 86, 72, '868158040763895', 1, 8, 1, NULL, NULL, NULL, NULL, NULL, NULL, NULL),
	(136, 87, 73, '868514047858619', 1, 8, 1, NULL, NULL, NULL, NULL, NULL, NULL, NULL),
	(137, 87, 73, '868514049355697', 1, 8, 1, NULL, NULL, NULL, NULL, NULL, NULL, NULL),
	(138, 88, 91, '866300044207196', 1, 8, 1, NULL, NULL, NULL, NULL, NULL, NULL, NULL),
	(139, 89, 92, '866300046781073', 1, 8, 1, NULL, NULL, NULL, NULL, NULL, NULL, NULL),
	(140, 89, 92, '866300046788151', 1, 8, 1, NULL, NULL, NULL, NULL, NULL, NULL, NULL),
	(141, 90, 88, '864356045478212', 1, 8, 1, NULL, NULL, NULL, NULL, NULL, NULL, NULL),
	(142, 90, 88, '865230041717049', 1, 8, 1, NULL, NULL, NULL, NULL, NULL, NULL, NULL),
	(144, 92, 19, '866745045843904', 1, 7, 1, '2019-08-09 12:43:29', NULL, NULL, NULL, NULL, NULL, NULL),
	(145, 92, 19, '866745044975848', 1, 7, 1, '2019-08-04 12:02:14', '23382', '2019-08-04 12:02:14', 10, NULL, '2019-08-04 12:02:14', NULL),
	(146, 92, 19, '866745044509803', 1, 7, 1, '2019-08-09 12:43:29', NULL, NULL, NULL, NULL, NULL, NULL),
	(147, 45, 29, '868091044854933', 1, 7, 1, '2019-08-04 12:01:36', '23388', '2019-08-04 12:01:36', 10, NULL, '2019-08-04 12:01:36', NULL),
	(148, 44, 26, '868025043793791', 1, 7, 1, '2019-08-09 12:43:29', NULL, NULL, NULL, NULL, NULL, NULL),
	(149, 93, 28, '863877041813467', 1, 7, 1, '2019-08-09 12:43:29', NULL, NULL, NULL, NULL, NULL, NULL),
	(150, 46, 21, '869453047775128', 1, 7, 1, '2019-08-09 12:43:29', NULL, NULL, NULL, NULL, NULL, NULL),
	(151, 47, 24, '866191042444109', 1, 7, 1, '2019-08-02 10:45:29', '23325', '2019-08-02 10:45:29', 10, NULL, '2019-08-02 10:45:29', NULL),
	(152, 31, 31, '860720040261598', 1, 7, 1, '2019-08-09 12:43:29', NULL, NULL, NULL, NULL, NULL, NULL),
	(153, 41, 107, '869391045432716', 1, 7, 1, '2019-08-09 12:43:29', NULL, NULL, NULL, NULL, NULL, NULL),
	(154, 94, 113, '862162043187538', 1, 7, 1, '2019-08-09 12:43:29', NULL, NULL, NULL, NULL, NULL, NULL),
	(155, 95, 105, '865841044563758', 1, 7, 1, '2019-08-06 14:40:40', '23449', '2019-08-06 14:40:40', 10, NULL, '2019-08-06 14:40:40', NULL),
	(156, 96, 144, '357934106863086', 1, 3, 1, '2019-08-09 12:43:29', NULL, NULL, NULL, NULL, NULL, NULL),
	(157, 96, 144, '357934106855140', 1, 3, 1, '2019-08-09 12:43:29', NULL, NULL, NULL, NULL, NULL, NULL),
	(158, 96, 144, '357934106859647', 1, 3, 1, '2019-08-09 12:43:29', NULL, NULL, NULL, NULL, NULL, NULL),
	(159, 96, 144, '357934106861122', 1, 3, 1, '2019-08-09 12:43:29', NULL, NULL, NULL, NULL, NULL, NULL),
	(160, 96, 144, '357934106854721', 1, 3, 1, '2019-08-09 12:43:29', NULL, NULL, NULL, NULL, NULL, NULL),
	(161, 96, 144, '357934106872947', 1, 3, 1, '2019-08-09 12:43:29', NULL, NULL, NULL, NULL, NULL, NULL),
	(162, 96, 144, '357934106862526', 1, 3, 1, '2019-08-09 12:43:29', NULL, NULL, NULL, NULL, NULL, NULL),
	(163, 96, 144, '357934106858805', 1, 3, 1, '2019-08-09 12:43:29', NULL, NULL, NULL, NULL, NULL, NULL),
	(164, 96, 144, '357934106797409', 1, 3, 1, '2019-08-09 12:43:29', NULL, NULL, NULL, NULL, NULL, NULL),
	(165, 96, 144, '357934106860488', 1, 3, 1, '2019-08-05 17:53:15', 'sqm23437', '2019-08-05 17:53:15', 12, NULL, '2019-08-05 17:53:15', NULL),
	(166, 97, 139, '354137100678194', 1, 7, 1, '2019-08-09 12:43:29', NULL, NULL, NULL, NULL, NULL, NULL),
	(167, 98, 136, '355527092696072', 1, 7, 1, '2019-08-09 12:43:29', NULL, NULL, NULL, NULL, NULL, NULL),
	(168, 99, 143, '352151100466262', 1, 7, 1, '2019-08-09 12:43:29', NULL, NULL, NULL, NULL, NULL, NULL),
	(169, 37, 123, '352204103677938', 1, 7, 1, '2019-08-09 12:43:29', NULL, NULL, NULL, NULL, NULL, NULL),
	(170, 100, 87, '860389046857872', 1, 7, 1, '2019-08-09 12:43:29', NULL, NULL, NULL, NULL, NULL, NULL),
	(171, 101, 92, '868559049639376', 1, 7, 1, '2019-08-09 12:43:29', NULL, NULL, NULL, NULL, NULL, NULL),
	(172, 102, 77, '862270041274172', 1, 7, 1, '2019-08-09 12:43:29', NULL, NULL, NULL, NULL, NULL, NULL),
	(173, 26, 2, '357348106342001', 1, 7, 1, '2019-08-09 12:43:29', NULL, NULL, NULL, NULL, NULL, NULL),
	(174, 103, 12, '353350106085568', 1, 7, 1, '2019-08-09 12:43:29', NULL, NULL, NULL, NULL, NULL, NULL),
	(175, 27, 1, '357872105545736', 1, 7, 1, '2019-08-09 12:43:29', NULL, NULL, NULL, NULL, NULL, NULL),
	(176, 28, 3, '357544106621929', 1, 7, 1, '2019-08-09 12:43:29', NULL, NULL, NULL, NULL, NULL, NULL),
	(177, 28, 3, '356926102490733', 1, 7, 1, '2019-08-09 12:43:29', NULL, NULL, NULL, NULL, NULL, NULL),
	(178, 104, 4, '356152106280240', 1, 7, 1, '2019-08-09 12:43:29', NULL, NULL, NULL, NULL, NULL, NULL),
	(179, 105, 150, '911641955537880', 1, 3, 1, '2019-08-09 12:43:29', NULL, NULL, NULL, NULL, NULL, NULL),
	(180, 106, 5, '357192102936220', 1, 7, 1, '2019-08-09 12:43:29', NULL, NULL, NULL, NULL, NULL, NULL),
	(181, 107, 155, '911553806824682', 1, 3, 1, '2019-08-09 12:43:29', NULL, NULL, NULL, NULL, NULL, NULL),
	(182, 108, 161, '911636503380346', 1, 7, 1, '2019-08-09 12:43:29', NULL, NULL, NULL, NULL, NULL, NULL),
	(183, 14, 159, '911642452763904', 1, 7, 1, '2019-08-09 12:43:29', NULL, NULL, NULL, NULL, NULL, NULL),
	(184, 109, 158, '911635405006090', 1, 7, 1, '2019-08-09 12:43:29', NULL, NULL, NULL, NULL, NULL, NULL),
	(185, 109, 158, '911642457955406', 1, 7, 1, '2019-08-09 12:43:29', NULL, NULL, NULL, NULL, NULL, NULL),
	(186, 109, 158, '911635408174184', 1, 7, 1, '2019-08-09 12:43:29', NULL, NULL, NULL, NULL, NULL, NULL),
	(187, 110, 157, '911642351473431', 1, 7, 1, '2019-08-09 12:43:29', NULL, NULL, NULL, NULL, NULL, NULL),
	(188, 110, 157, '911642351469785', 1, 7, 1, '2019-08-09 12:43:29', NULL, NULL, NULL, NULL, NULL, NULL),
	(189, 24, 10, '357196105384098', 1, 7, 1, '2019-08-09 12:43:29', NULL, NULL, NULL, NULL, NULL, NULL),
	(190, 24, 10, '358082102647654', 1, 7, 1, '2019-08-09 12:43:29', NULL, NULL, NULL, NULL, NULL, NULL),
	(191, 23, 9, '357194103381034', 1, 7, 1, '2019-08-02 18:02:30', '23346', '2019-08-02 18:02:30', 10, NULL, '2019-08-02 18:02:30', NULL),
	(192, 23, 9, '355201109110333', 1, 7, 1, '2019-08-09 12:43:29', NULL, NULL, NULL, NULL, NULL, NULL),
	(193, 23, 9, '357194103429551', 1, 2, 1, '2019-08-09 12:43:29', NULL, NULL, NULL, NULL, NULL, NULL),
	(194, 111, 145, '911659503722960', 1, 3, 1, '2019-08-09 12:43:29', NULL, NULL, NULL, NULL, NULL, NULL),
	(195, 111, 145, '911654101104281', 1, 3, 1, '2019-08-05 15:20:28', 'sqm23424', '2019-08-05 15:20:28', 12, NULL, '2019-08-05 15:20:28', NULL),
	(196, 111, 145, '911659503722069', 1, 3, 1, '2019-08-09 12:43:29', NULL, NULL, NULL, NULL, NULL, NULL),
	(197, 111, 145, '911659503683840', 1, 3, 1, '2019-08-09 12:43:29', NULL, NULL, NULL, NULL, NULL, NULL),
	(198, 23, 9, '357194100736453', 1, 7, 1, '2019-08-09 12:43:29', NULL, NULL, NULL, NULL, NULL, NULL),
	(199, 24, 10, '358082102648603', 1, 7, 1, '2019-08-09 12:43:29', NULL, NULL, NULL, NULL, NULL, NULL),
	(200, 22, 11, '357350104008907', 1, 7, 1, '2019-08-09 12:43:29', NULL, NULL, NULL, NULL, NULL, NULL),
	(201, 22, 11, '358239100198904', 1, 7, 1, '2019-08-09 12:43:29', NULL, NULL, NULL, NULL, NULL, NULL),
	(202, 22, 11, '358239101034124', 1, 7, 1, '2019-08-09 12:43:29', NULL, NULL, NULL, NULL, NULL, NULL),
	(203, 112, 146, '911656601942722', 1, 3, 1, '2019-08-09 12:43:29', NULL, NULL, NULL, NULL, NULL, NULL),
	(204, 112, 146, '911656601943266', 1, 3, 1, '2019-08-09 12:43:29', NULL, NULL, NULL, NULL, NULL, NULL),
	(205, 112, 146, '911656602419100', 1, 3, 1, '2019-08-09 12:43:29', NULL, NULL, NULL, NULL, NULL, NULL),
	(206, 112, 146, '911656602419704', 1, 3, 1, '2019-08-09 12:43:29', NULL, NULL, NULL, NULL, NULL, NULL),
	(207, 22, 11, '357350104146830', 1, 7, 1, '2019-08-09 12:43:29', NULL, NULL, NULL, NULL, NULL, NULL),
	(208, 113, 153, '911594452235542', 1, 3, 1, '2019-08-09 12:43:29', NULL, NULL, NULL, NULL, NULL, NULL),
	(209, 113, 153, '911594452594658', 1, 3, 1, '2019-08-09 12:43:29', NULL, NULL, NULL, NULL, NULL, NULL),
	(210, 9, 145, '911654109016107', 1, 7, 1, '2019-08-09 12:43:29', NULL, NULL, NULL, NULL, NULL, NULL),
	(211, 9, 145, '911654107776389', 1, 7, 1, '2019-08-09 12:43:29', NULL, NULL, NULL, NULL, NULL, NULL),
	(212, 9, 145, '911654109019887', 1, 7, 1, '2019-08-09 12:43:29', NULL, NULL, NULL, NULL, NULL, NULL),
	(213, 9, 145, '911654109019473', 1, 7, 1, '2019-08-09 12:43:29', NULL, NULL, NULL, NULL, NULL, NULL),
	(214, 9, 145, '911654109003899', 1, 7, 1, '2019-08-03 10:29:10', '23355', '2019-08-03 10:29:10', 10, NULL, '2019-08-03 10:29:10', NULL),
	(215, 8, 146, '911656602392026', 1, 7, 1, '2019-08-09 12:43:29', NULL, NULL, NULL, NULL, NULL, NULL),
	(216, 8, 146, '911656602390665', 1, 7, 1, '2019-08-09 12:43:29', NULL, NULL, NULL, NULL, NULL, NULL),
	(217, 8, 146, '911656602394105', 1, 7, 1, '2019-08-09 12:43:29', NULL, NULL, NULL, NULL, NULL, NULL),
	(218, 114, 157, '911642351474702', 1, 3, 1, '2019-08-09 12:43:29', NULL, NULL, NULL, NULL, NULL, NULL),
	(246, 17, 53, '328983/{4720096', 1, 7, 1, '2019-08-09 12:43:29', NULL, NULL, NULL, NULL, NULL, NULL),
	(220, 8, 146, '911656602417047', 1, 7, 1, '2019-08-09 12:43:29', NULL, NULL, NULL, NULL, NULL, NULL),
	(221, 8, 146, '911656602310283', 1, 7, 1, '2019-08-09 12:43:29', NULL, NULL, NULL, NULL, NULL, NULL),
	(222, 8, 146, '911656602337120', 1, 7, 1, '2019-08-09 12:43:29', NULL, NULL, NULL, NULL, NULL, NULL),
	(223, 8, 146, '911656603392389', 1, 7, 1, '2019-08-09 12:43:29', NULL, NULL, NULL, NULL, NULL, NULL),
	(224, 8, 146, '911656603389666', 1, 7, 1, '2019-08-09 12:43:29', NULL, NULL, NULL, NULL, NULL, NULL),
	(225, 116, 159, '911642454804029', 1, 3, 1, '2019-08-09 12:43:29', NULL, NULL, NULL, NULL, NULL, NULL),
	(226, 116, 159, '911642450237026', 1, 3, 1, '2019-08-09 12:43:29', NULL, NULL, NULL, NULL, NULL, NULL),
	(227, 8, 146, '911656603389864', 1, 7, 1, '2019-08-09 12:43:29', NULL, NULL, NULL, NULL, NULL, NULL),
	(228, 8, 146, '911656603387280', 1, 7, 1, '2019-08-09 12:43:29', NULL, NULL, NULL, NULL, NULL, NULL),
	(229, 117, 160, '911636502359713', 1, 3, 1, '2019-08-09 12:43:29', NULL, NULL, NULL, NULL, NULL, NULL),
	(230, 7, 149, '357936104999804', 1, 7, 1, '2019-08-05 09:46:32', '23422', '2019-08-05 09:46:32', 10, NULL, '2019-08-05 09:46:32', NULL),
	(231, 7, 149, '357936105106664', 1, 7, 1, '2019-08-09 12:43:29', NULL, NULL, NULL, NULL, NULL, NULL),
	(232, 7, 149, '357936104998400', 1, 7, 1, '2019-08-09 12:43:29', NULL, NULL, NULL, NULL, NULL, NULL),
	(233, 7, 149, '357936104995364', 1, 7, 1, '2019-08-06 14:39:57', '23431', '2019-08-06 14:39:57', 10, NULL, '2019-08-06 14:39:57', NULL),
	(234, 6, 144, '357934106153801', 1, 7, 1, '2019-08-09 12:43:29', NULL, NULL, NULL, NULL, NULL, NULL),
	(235, 6, 144, '357934106338527', 1, 7, 1, '2019-08-09 12:43:29', NULL, NULL, NULL, NULL, NULL, NULL),
	(236, 6, 144, '357934106144552', 1, 7, 1, '2019-08-09 12:43:29', NULL, NULL, NULL, NULL, NULL, NULL),
	(237, 6, 144, '357934106336844', 1, 7, 1, '2019-08-09 12:43:29', NULL, NULL, NULL, NULL, NULL, NULL),
	(238, 6, 144, '357934106339343', 1, 7, 1, '2019-08-09 12:43:29', NULL, NULL, NULL, NULL, NULL, NULL),
	(239, 6, 144, '357934106134215', 1, 7, 1, '2019-08-09 12:43:29', NULL, NULL, NULL, NULL, NULL, NULL),
	(240, 18, 54, '354184104961937', 1, 7, 1, '2019-08-09 12:43:29', NULL, NULL, NULL, NULL, NULL, NULL),
	(241, 18, 54, '354182104326226', 1, 7, 1, '2019-08-09 12:43:29', NULL, NULL, NULL, NULL, NULL, NULL),
	(242, 18, 54, '354182105204307', 1, 7, 1, '2019-08-09 12:43:29', NULL, NULL, NULL, NULL, NULL, NULL),
	(243, 18, 54, '354182104787682', 1, 7, 1, '2019-08-09 12:43:29', NULL, NULL, NULL, NULL, NULL, NULL),
	(244, 18, 54, '354184104963404', 1, 7, 1, '2019-08-09 12:43:29', NULL, NULL, NULL, NULL, NULL, NULL),
	(245, 18, 54, '354184104963487', 1, 7, 1, '2019-08-09 12:43:29', NULL, NULL, NULL, NULL, NULL, NULL),
	(247, 118, 55, '359023096303051', 1, 3, 1, '2019-08-09 12:43:29', NULL, NULL, NULL, NULL, NULL, NULL),
	(248, 19, 55, '359023096457832', 1, 7, 1, '2019-08-09 12:43:29', NULL, NULL, NULL, NULL, NULL, NULL),
	(249, 19, 55, '35902309645786.', 1, 7, 1, '2019-08-09 12:43:29', NULL, NULL, NULL, NULL, NULL, NULL),
	(250, 19, 55, '359023096457923', 1, 7, 1, '2019-08-09 12:43:29', NULL, NULL, NULL, NULL, NULL, NULL),
	(251, 19, 55, '355838098343670', 1, 7, 1, '2019-08-09 12:43:29', NULL, NULL, NULL, NULL, NULL, NULL),
	(252, 19, 55, '3/9023096458816', 1, 7, 1, '2019-08-09 12:43:29', NULL, NULL, NULL, NULL, NULL, NULL),
	(253, 19, 55, '355838095948679', 1, 7, 1, '2019-08-09 12:43:29', NULL, NULL, NULL, NULL, NULL, NULL),
	(254, 119, 30, '868326042014175', 1, 3, 1, '2019-08-02 09:39:34', 'Sqm23303', '2019-08-02 09:39:34', 12, NULL, '2019-08-02 09:39:34', NULL),
	(255, 120, 55, '359023092563732', 1, 3, 1, '2019-08-09 12:43:29', NULL, NULL, NULL, NULL, NULL, NULL),
	(256, 120, 55, '355838092137581', 1, 3, 1, '2019-08-09 12:43:29', NULL, NULL, NULL, NULL, NULL, NULL),
	(257, 120, 55, '359023092563773', 1, 3, 1, '2019-08-09 12:43:29', NULL, NULL, NULL, NULL, NULL, NULL),
	(258, 121, 170, '866904040212876', 1, 2, 1, '2019-08-09 12:43:29', NULL, NULL, NULL, NULL, NULL, NULL),
	(259, 122, 50, '352913101425013', 1, 8, 1, '2019-08-09 12:43:29', NULL, NULL, NULL, NULL, NULL, NULL),
	(260, 122, 50, '352913100588894', 1, 8, 1, '2019-08-09 12:43:29', NULL, NULL, NULL, NULL, NULL, NULL),
	(261, 122, 50, '352913100384757', 1, 8, 1, '2019-08-09 12:43:29', NULL, NULL, NULL, NULL, NULL, NULL),
	(262, 123, 59, '352918103868417', 1, 8, 1, '2019-08-09 12:43:29', NULL, NULL, NULL, NULL, NULL, NULL),
	(263, 20, 58, '352918102756498', 1, 8, 1, '2019-08-09 12:43:29', NULL, NULL, NULL, NULL, NULL, NULL),
	(264, 20, 58, '352918102086359', 1, 8, 1, '2019-08-09 12:43:29', NULL, NULL, NULL, NULL, NULL, NULL),
	(265, 20, 58, '3/2918102758439', 1, 8, 1, '2019-08-09 12:43:29', NULL, NULL, NULL, NULL, NULL, NULL),
	(266, 124, 171, '356954091980464', 1, 8, 1, '2019-08-09 12:43:29', NULL, NULL, NULL, NULL, NULL, NULL),
	(267, 21, 52, '357311089712608', 1, 8, 1, '2019-08-09 12:43:29', NULL, NULL, NULL, NULL, NULL, NULL),
	(268, 125, 54, '354184104962091', 1, 3, 1, '2019-08-09 12:43:29', NULL, NULL, NULL, NULL, NULL, NULL),
	(269, 125, 54, '354182104008238', 1, 3, 1, '2019-08-09 12:43:29', NULL, NULL, NULL, NULL, NULL, NULL),
	(270, 125, 54, '354182104326234', 1, 3, 1, '2019-08-09 12:43:29', NULL, NULL, NULL, NULL, NULL, NULL),
	(271, 125, 54, '354184104960962', 1, 3, 1, '2019-08-09 12:43:29', NULL, NULL, NULL, NULL, NULL, NULL),
	(272, 21, 52, '357311089539381', 1, 8, 1, '2019-08-09 12:43:29', NULL, NULL, NULL, NULL, NULL, NULL),
	(273, 21, 52, '357311089712038', 1, 8, 1, '2019-08-09 12:43:29', NULL, NULL, NULL, NULL, NULL, NULL),
	(274, 126, 61, '354201109916532', 1, 3, 1, '2019-08-09 12:43:29', NULL, NULL, NULL, NULL, NULL, NULL),
	(275, 127, 56, '354183103O140/8', 1, 8, 1, '2019-08-09 12:43:29', NULL, NULL, NULL, NULL, NULL, NULL),
	(276, 127, 56, '354183103213985', 1, 8, 1, '2019-08-09 12:43:29', NULL, NULL, NULL, NULL, NULL, NULL),
	(277, 127, 56, '354183103213795', 1, 8, 1, '2019-08-09 12:43:29', NULL, NULL, NULL, NULL, NULL, NULL),
	(278, 128, 52, '357311088531496', 1, 3, 1, '2019-08-09 12:43:29', NULL, NULL, NULL, NULL, NULL, NULL),
	(279, 128, 52, '357311089713127', 1, 3, 1, '2019-08-09 12:43:29', NULL, NULL, NULL, NULL, NULL, NULL),
	(280, 128, 52, '357311089712533', 1, 3, 1, '2019-08-09 12:43:29', NULL, NULL, NULL, NULL, NULL, NULL),
	(281, 127, 56, '354183103213811', 1, 8, 1, '2019-08-09 12:43:29', NULL, NULL, NULL, NULL, NULL, NULL),
	(282, 127, 56, '354183103214074', 1, 8, 1, '2019-08-09 12:43:29', NULL, NULL, NULL, NULL, NULL, NULL),
	(283, 129, 58, '352918102088256', 1, 3, 1, '2019-08-09 12:43:29', NULL, NULL, NULL, NULL, NULL, NULL),
	(284, 127, 56, '354183103214025', 1, 8, 1, '2019-08-09 12:43:29', NULL, NULL, NULL, NULL, NULL, NULL),
	(285, 127, 56, '354183103214140', 1, 8, 1, '2019-08-09 12:43:29', NULL, NULL, NULL, NULL, NULL, NULL),
	(286, 18, 54, '354184104962117', 1, 8, 1, '2019-08-03 09:17:40', '23354', '2019-08-03 09:17:40', 9, NULL, '2019-08-03 09:17:40', NULL),
	(287, 18, 54, '354184104962828', 1, 8, 1, '2019-08-09 12:43:29', NULL, NULL, NULL, NULL, NULL, NULL),
	(288, 19, 55, '359023096303234', 1, 8, 1, '2019-08-09 12:43:29', NULL, NULL, NULL, NULL, NULL, NULL),
	(289, 130, 31, '860720041788177', 1, 3, 1, '2019-08-09 12:43:29', NULL, NULL, NULL, NULL, NULL, NULL),
	(290, 19, 55, '359023096457907', 1, 8, 1, '2019-08-09 12:43:29', NULL, NULL, NULL, NULL, NULL, NULL),
	(291, 131, 42, '869897041375295', 1, 2, 1, '2019-08-08 16:31:42', 'SQM23524', '2019-08-08 16:32:04', 7, NULL, '2019-08-08 16:32:04', NULL),
	(292, 19, 55, '359023096001598', 1, 8, 1, '2019-08-09 12:43:29', NULL, NULL, NULL, NULL, NULL, NULL),
	(293, 127, 56, '354183103214082', 1, 8, 1, '2019-08-09 12:43:29', NULL, NULL, NULL, NULL, NULL, NULL),
	(294, 50, 101, '911628250030380', 1, 8, 1, '2019-08-09 12:43:29', NULL, NULL, NULL, NULL, NULL, NULL),
	(295, 132, 172, '352204103749588', 1, 3, 1, '2019-08-09 12:43:29', NULL, NULL, NULL, NULL, NULL, NULL),
	(296, 133, 121, '359849090274900', 1, 3, 1, '2019-08-03 10:14:23', 'SQM23353', '2019-08-03 10:14:23', 12, NULL, '2019-08-03 10:14:23', NULL),
	(297, 134, 119, '352205105996226', 1, 3, 1, '2019-08-09 12:43:29', NULL, NULL, NULL, NULL, NULL, NULL),
	(298, 135, 117, '867455048235830', 1, 3, 1, '2019-08-09 12:43:29', NULL, NULL, NULL, NULL, NULL, NULL),
	(299, 135, 117, '867455048389033', 1, 3, 1, '2019-08-09 12:43:29', NULL, NULL, NULL, NULL, NULL, NULL),
	(300, 136, 165, '863376044322196', 1, 3, 1, '2019-08-09 12:43:29', NULL, NULL, NULL, NULL, NULL, NULL),
	(301, 137, 166, '865841045049211', 1, 3, 1, '2019-08-09 12:43:29', NULL, NULL, NULL, NULL, NULL, NULL),
	(302, 137, 166, '865841043288753', 1, 3, 1, '2019-08-09 12:43:29', NULL, NULL, NULL, NULL, NULL, NULL),
	(303, 138, 103, '868084047332379', 1, 3, 1, '2019-08-08 09:33:18', 'sqm23502', '2019-08-08 09:33:23', 12, NULL, '2019-08-08 09:33:23', NULL),
	(304, 138, 103, '868084047374496', 1, 3, 1, '2019-08-05 15:34:01', 'sqm23419', '2019-08-05 15:34:01', 12, NULL, '2019-08-05 15:34:01', NULL),
	(305, 138, 103, '868084047381293', 1, 3, 1, '2019-08-03 16:35:15', 'sqm23368', '2019-08-03 16:35:15', 12, NULL, '2019-08-03 16:35:15', NULL),
	(306, 55, 72, '868158042755626', 1, 8, 1, '2019-08-06 16:08:45', 'SQM23453', '2019-08-06 16:08:45', 9, NULL, '2019-08-06 16:08:45', NULL),
	(307, 139, 173, '868898041717776', 1, 8, 1, '2019-08-09 12:43:29', NULL, NULL, NULL, NULL, NULL, NULL),
	(308, 140, 30, '868326041779075', 1, 3, 1, '2019-08-04 14:28:02', 'sqm23397', '2019-08-04 14:28:02', 12, NULL, '2019-08-04 14:28:02', NULL),
	(309, 31, 31, '860720042115370', 1, 8, 1, '2019-08-09 12:43:29', NULL, NULL, NULL, NULL, NULL, NULL),
	(310, 31, 45, '867453045769638', 1, 8, 1, '2019-08-09 12:43:29', NULL, NULL, NULL, NULL, NULL, NULL),
	(311, 141, 21, '862222040277458', 1, 3, 1, '2019-08-09 12:43:29', NULL, NULL, NULL, NULL, NULL, NULL),
	(312, 142, 24, '866985045957532', 1, 3, 1, '2019-08-09 12:43:29', NULL, NULL, NULL, NULL, NULL, NULL),
	(313, 142, 24, '866191041948076', 1, 3, 1, '2019-08-09 12:43:29', NULL, NULL, NULL, NULL, NULL, NULL),
	(343, 104, 4, '356152105731540', 1, 8, 1, '2019-08-09 12:43:29', NULL, NULL, NULL, NULL, NULL, NULL),
	(314, 143, 174, '863521049886899', 1, 3, 1, '2019-08-09 12:43:29', NULL, NULL, NULL, NULL, NULL, NULL),
	(315, 144, 29, '868091044556157', 1, 3, 1, '2019-08-09 12:43:29', NULL, NULL, NULL, NULL, NULL, NULL),
	(316, 145, 72, '869015048841736', 1, 3, 1, '2019-08-05 16:07:15', 'sqm23429', '2019-08-05 16:07:15', 12, NULL, '2019-08-05 16:07:15', NULL),
	(317, 91, 20, '860508043618041', 1, 8, 1, '2019-08-03 16:36:14', 'SQM23367', '2019-08-03 16:36:14', 9, NULL, '2019-08-03 16:36:14', NULL),
	(318, 45, 29, '868091042480285', 1, 8, 1, '2019-08-04 12:53:16', 'SQM23393', '2019-08-04 12:53:16', 9, NULL, '2019-08-04 12:53:16', NULL),
	(319, 45, 29, '868091044873792', 1, 8, 1, '2019-08-09 12:43:29', NULL, NULL, NULL, NULL, NULL, NULL),
	(320, 146, 87, '865179043687033', 1, 3, 1, '2019-08-09 12:43:29', NULL, NULL, NULL, NULL, NULL, NULL),
	(321, 46, 21, '862222043255808', 1, 7, 1, '2019-08-02 15:28:48', '23333', '2019-08-02 15:28:48', 10, NULL, '2019-08-02 15:28:48', NULL),
	(322, 119, 30, '868326041711904', 1, 8, 1, '2019-08-09 12:43:29', NULL, NULL, NULL, NULL, NULL, NULL),
	(323, 147, 62, '869865042679890', 1, 3, 1, '2019-08-09 12:43:29', NULL, NULL, NULL, NULL, NULL, NULL),
	(324, 119, 30, '862864048030171', 1, 8, 1, '2019-08-09 12:43:29', NULL, NULL, NULL, NULL, NULL, NULL),
	(325, 119, 30, '862864048395202', 1, 8, 1, '2019-08-06 16:21:44', 'SQM23401', '2019-08-06 16:21:44', 9, NULL, '2019-08-06 16:21:44', NULL),
	(326, 148, 169, '868609044592912', 1, 3, 1, '2019-08-09 12:43:29', NULL, NULL, NULL, NULL, NULL, NULL),
	(327, 44, 26, '869571045635182', 1, 8, 1, '2019-08-09 12:43:29', NULL, NULL, NULL, NULL, NULL, NULL),
	(328, 41, 107, '869391044896531', 1, 8, 1, '2019-08-09 12:43:29', NULL, NULL, NULL, NULL, NULL, NULL),
	(329, 39, 103, '868084048108059', 1, 8, 1, '2019-08-09 12:43:29', NULL, NULL, NULL, NULL, NULL, NULL),
	(330, 39, 103, '868084049534998', 1, 8, 1, '2019-08-09 12:43:29', NULL, NULL, NULL, NULL, NULL, NULL),
	(331, 39, 103, '868084047373795', 1, 8, 1, '2019-08-09 12:43:29', NULL, NULL, NULL, NULL, NULL, NULL),
	(332, 39, 103, '868084047377259', 1, 8, 1, '2019-08-09 12:43:29', NULL, NULL, NULL, NULL, NULL, NULL),
	(333, 39, 103, '868084047371179', 1, 8, 1, '2019-08-09 12:43:29', NULL, NULL, NULL, NULL, NULL, NULL),
	(334, 39, 103, '868084047371815', 1, 8, 1, '2019-08-09 12:43:29', NULL, NULL, NULL, NULL, NULL, NULL),
	(335, 39, 103, '868084049514859', 1, 8, 1, '2019-08-09 12:43:29', NULL, NULL, NULL, NULL, NULL, NULL),
	(336, 39, 103, '868084047381954', 1, 8, 1, '2019-08-09 12:43:29', NULL, NULL, NULL, NULL, NULL, NULL),
	(337, 106, 5, '357192101196362', 1, 8, 1, '2019-08-09 12:43:29', NULL, NULL, NULL, NULL, NULL, NULL),
	(338, 149, 3, '358358102104619', 1, 3, 1, '2019-08-09 12:43:29', NULL, NULL, NULL, NULL, NULL, NULL),
	(339, 150, 2, '357348105101135', 1, 3, 1, '2019-08-09 12:43:29', NULL, NULL, NULL, NULL, NULL, NULL),
	(340, 29, 6, '357192100172273', 1, 8, 1, '2019-08-09 12:43:29', NULL, NULL, NULL, NULL, NULL, NULL),
	(341, 151, 1, '358787101507135', 1, 3, 1, '2019-08-09 12:43:29', NULL, NULL, NULL, NULL, NULL, NULL),
	(342, 104, 4, '358084100366048', 1, 8, 1, '2019-08-09 12:43:29', NULL, NULL, NULL, NULL, NULL, NULL),
	(344, 152, 4, '356152103608179', 1, 3, 1, '2019-08-09 12:43:29', NULL, NULL, NULL, NULL, NULL, NULL),
	(345, 28, 3, '357544107383099', 1, 8, 1, '2019-08-09 12:43:29', NULL, NULL, NULL, NULL, NULL, NULL),
	(346, 27, 1, '357872104156121', 1, 8, 1, '2019-08-09 12:43:29', NULL, NULL, NULL, NULL, NULL, NULL),
	(347, 153, 134, '869952032782718', 1, 3, 1, '2019-08-09 12:43:29', NULL, NULL, NULL, NULL, NULL, NULL),
	(348, 154, 136, '355527090396394', 1, 3, 1, '2019-08-09 12:43:29', NULL, NULL, NULL, NULL, NULL, NULL),
	(349, 154, 136, '355527090397251', 1, 3, 1, '2019-08-09 12:43:29', NULL, NULL, NULL, NULL, NULL, NULL),
	(350, 22, 11, '357350107277079', 1, 8, 1, '2019-08-09 12:43:29', NULL, NULL, NULL, NULL, NULL, NULL),
	(351, 22, 11, '356251101007994', 1, 8, 1, '2019-08-09 12:43:29', NULL, NULL, NULL, NULL, NULL, NULL),
	(352, 22, 11, '356251101008075', 1, 8, 1, '2019-08-09 12:43:29', NULL, NULL, NULL, NULL, NULL, NULL),
	(353, 155, 137, '355548090850370', 1, 3, 1, '2019-08-09 12:43:29', NULL, NULL, NULL, NULL, NULL, NULL),
	(354, 22, 11, '356251100579464', 1, 8, 1, '2019-08-09 12:43:29', NULL, NULL, NULL, NULL, NULL, NULL),
	(355, 22, 11, '357350104146905', 1, 8, 1, '2019-08-09 12:43:29', NULL, NULL, NULL, NULL, NULL, NULL),
	(356, 22, 11, '357350103500201', 1, 8, 1, '2019-08-09 12:43:29', NULL, NULL, NULL, NULL, NULL, NULL),
	(357, 22, 11, '357350103642995', 1, 8, 1, '2019-08-09 12:43:29', NULL, NULL, NULL, NULL, NULL, NULL),
	(358, 156, 138, '3518660935563962', 1, 3, 1, '2019-08-09 12:43:29', NULL, NULL, NULL, NULL, NULL, NULL),
	(359, 22, 11, '356214108872737', 1, 8, 1, '2019-08-09 12:43:29', NULL, NULL, NULL, NULL, NULL, NULL),
	(360, 22, 11, '356214108844439', 1, 8, 1, '2019-08-09 12:43:29', NULL, NULL, NULL, NULL, NULL, NULL),
	(361, 9, 145, '911654108428832', 1, 8, 1, '2019-08-09 12:43:29', NULL, NULL, NULL, NULL, NULL, NULL),
	(362, 9, 145, '911654107879605', 1, 8, 1, '2019-08-09 12:43:29', NULL, NULL, NULL, NULL, NULL, NULL),
	(363, 157, 139, '354137100677899', 1, 3, 1, '2019-08-09 12:43:29', NULL, NULL, NULL, NULL, NULL, NULL),
	(364, 9, 145, '911654109000549', 1, 8, 1, '2019-08-09 12:43:29', NULL, NULL, NULL, NULL, NULL, NULL),
	(365, 9, 145, '911654109017089', 1, 8, 1, '2019-08-09 12:43:29', NULL, NULL, NULL, NULL, NULL, NULL),
	(366, 9, 145, '911654108427883', 1, 8, 1, '2019-08-09 12:43:29', NULL, NULL, NULL, NULL, NULL, NULL),
	(367, 9, 145, '911654108428725', 1, 8, 1, '2019-08-09 12:43:29', NULL, NULL, NULL, NULL, NULL, NULL),
	(368, 158, 140, '352185100969859', 1, 3, 1, '2019-08-09 12:43:29', NULL, NULL, NULL, NULL, NULL, NULL),
	(369, 9, 145, '911654109019630', 1, 8, 1, '2019-08-09 12:43:29', NULL, NULL, NULL, NULL, NULL, NULL),
	(370, 9, 145, '911654108978547', 1, 8, 1, '2019-08-09 12:43:29', NULL, NULL, NULL, NULL, NULL, NULL),
	(371, 9, 145, '911654109018202', 1, 8, 1, '2019-08-09 12:43:29', NULL, NULL, NULL, NULL, NULL, NULL),
	(372, 9, 145, '911654107795850', 1, 8, 1, '2019-08-09 12:43:29', NULL, NULL, NULL, NULL, NULL, NULL),
	(373, 9, 145, '911654101103259', 1, 8, 1, '2019-08-09 12:43:29', NULL, NULL, NULL, NULL, NULL, NULL),
	(374, 9, 145, '911654107159743', 1, 8, 1, '2019-08-09 12:43:29', NULL, NULL, NULL, NULL, NULL, NULL),
	(375, 9, 145, '911654107158620', 1, 8, 1, '2019-08-09 12:43:29', NULL, NULL, NULL, NULL, NULL, NULL),
	(376, 9, 145, '911659503722606', 1, 8, 1, '2019-08-09 12:43:29', NULL, NULL, NULL, NULL, NULL, NULL),
	(377, 159, 135, '351898083002057', 1, 3, 1, '2019-08-09 12:43:29', NULL, NULL, NULL, NULL, NULL, NULL),
	(378, 9, 145, '911654101103523', 1, 8, 1, '2019-08-09 12:43:29', NULL, NULL, NULL, NULL, NULL, NULL),
	(379, 8, 146, '911656603389088', 1, 8, 1, '2019-08-09 12:43:29', NULL, NULL, NULL, NULL, NULL, NULL),
	(380, 8, 146, '911656603390367', 1, 8, 1, '2019-08-09 12:43:29', NULL, NULL, NULL, NULL, NULL, NULL),
	(381, 8, 146, '911656603390987', 1, 8, 1, '2019-08-09 12:43:29', NULL, NULL, NULL, NULL, NULL, NULL),
	(382, 160, 101, '911628250030273', 1, 3, 1, '2019-08-09 12:43:29', NULL, NULL, NULL, NULL, NULL, NULL),
	(383, 8, 146, '911656603385987', 1, 8, 1, '2019-08-09 12:43:29', NULL, NULL, NULL, NULL, NULL, NULL),
	(384, 161, 93, '861290040157625', 1, 3, 1, '2019-08-09 12:43:29', NULL, NULL, NULL, NULL, NULL, NULL),
	(385, 6, 144, '357934106154262', 1, 8, 1, '2019-08-09 12:43:29', NULL, NULL, NULL, NULL, NULL, NULL),
	(386, 6, 144, '357934106153868', 1, 8, 1, '2019-08-09 12:43:29', NULL, NULL, NULL, NULL, NULL, NULL),
	(387, 162, 11, '357350105218299', 1, 3, 1, '2019-08-09 12:43:29', NULL, NULL, NULL, NULL, NULL, NULL),
	(388, 162, 11, '358239101820506', 1, 3, 1, '2019-08-09 12:43:29', NULL, NULL, NULL, NULL, NULL, NULL),
	(389, 162, 11, '357350104008923', 1, 3, 1, '2019-08-09 12:43:29', NULL, NULL, NULL, NULL, NULL, NULL),
	(390, 6, 144, '357934106341422', 1, 8, 1, '2019-08-09 12:43:29', NULL, NULL, NULL, NULL, NULL, NULL),
	(391, 6, 144, '357934106339400', 1, 8, 1, '2019-08-09 12:43:29', NULL, NULL, NULL, NULL, NULL, NULL),
	(392, 6, 144, '357934106771669', 1, 8, 1, '2019-08-09 12:43:29', NULL, NULL, NULL, NULL, NULL, NULL),
	(393, 163, 9, '357194103440905', 1, 3, 1, '2019-08-09 12:43:29', NULL, NULL, NULL, NULL, NULL, NULL),
	(394, 163, 9, '357194101713899', 1, 3, 1, '2019-08-09 12:43:29', NULL, NULL, NULL, NULL, NULL, NULL),
	(395, 163, 9, '357194100738665', 1, 3, 1, '2019-08-09 12:43:29', NULL, NULL, NULL, NULL, NULL, NULL),
	(396, 6, 144, '357934106876120', 1, 8, 1, '2019-08-09 12:43:29', NULL, NULL, NULL, NULL, NULL, NULL),
	(397, 164, 10, '357196105384155', 1, 3, 1, '2019-08-09 12:43:29', NULL, NULL, NULL, NULL, NULL, NULL),
	(398, 164, 10, '356214109500972', 1, 3, 1, '2019-08-09 12:43:29', NULL, NULL, NULL, NULL, NULL, NULL),
	(399, 164, 10, '357196108216131', 1, 3, 1, '2019-08-09 12:43:29', NULL, NULL, NULL, NULL, NULL, NULL),
	(400, 6, 144, '357934106873176', 1, 8, 1, '2019-08-09 12:43:29', NULL, NULL, NULL, NULL, NULL, NULL),
	(401, 6, 144, '357934106874000', 1, 8, 1, '2019-08-09 12:43:29', NULL, NULL, NULL, NULL, NULL, NULL),
	(402, 165, 98, '352049092531350', 1, 3, 1, '2019-08-09 12:43:29', NULL, NULL, NULL, NULL, NULL, NULL),
	(403, 165, 98, '352049092537845', 1, 3, 1, '2019-08-09 12:43:29', NULL, NULL, NULL, NULL, NULL, NULL),
	(404, 6, 144, '357934106154387', 1, 8, 1, '2019-08-09 12:43:29', NULL, NULL, NULL, NULL, NULL, NULL),
	(405, 6, 144, '357934106873648', 1, 8, 1, '2019-08-09 12:43:29', NULL, NULL, NULL, NULL, NULL, NULL),
	(406, 6, 144, '357934106870727', 1, 8, 1, '2019-08-09 12:43:29', NULL, NULL, NULL, NULL, NULL, NULL),
	(407, 166, 97, '359647081432697', 1, 3, 1, '2019-08-09 12:43:29', NULL, NULL, NULL, NULL, NULL, NULL),
	(408, 6, 144, '357934106860272', 1, 8, 1, '2019-08-09 12:43:29', NULL, NULL, NULL, NULL, NULL, NULL),
	(409, 6, 144, '357934106863276', 1, 8, 1, '2019-08-09 12:43:29', NULL, NULL, NULL, NULL, NULL, NULL),
	(410, 6, 144, '357934106854523', 1, 8, 1, '2019-08-09 12:43:29', NULL, NULL, NULL, NULL, NULL, NULL),
	(411, 167, 99, '911517207012007', 1, 3, 1, '2019-08-09 12:43:29', NULL, NULL, NULL, NULL, NULL, NULL),
	(412, 6, 144, '357934106339392', 1, 8, 1, '2019-08-09 12:43:29', NULL, NULL, NULL, NULL, NULL, NULL),
	(413, 6, 144, '357934106147258', 1, 8, 1, '2019-08-09 12:43:29', NULL, NULL, NULL, NULL, NULL, NULL),
	(414, 6, 144, '357934106337982', 1, 8, 1, '2019-08-09 12:43:29', NULL, NULL, NULL, NULL, NULL, NULL),
	(415, 6, 144, '357934106341927', 1, 8, 1, '2019-08-09 12:43:29', NULL, NULL, NULL, NULL, NULL, NULL),
	(416, 7, 149, '357936105110443', 1, 8, 1, '2019-08-06 09:56:46', 'SQM23444', '2019-08-06 09:56:46', 9, NULL, '2019-08-06 09:56:46', NULL),
	(417, 7, 149, '357936105000487', 1, 8, 1, '2019-08-09 12:43:29', NULL, NULL, NULL, NULL, NULL, NULL),
	(418, 7, 149, '357936105110120', 1, 8, 1, '2019-08-09 12:43:29', NULL, NULL, NULL, NULL, NULL, NULL),
	(419, 109, 158, '911635408175900', 1, 8, 1, '2019-08-09 12:43:29', NULL, NULL, NULL, NULL, NULL, NULL),
	(420, 109, 158, '911642455669785', 1, 8, 1, '2019-08-09 12:43:29', NULL, NULL, NULL, NULL, NULL, NULL),
	(421, 14, 159, '911642450241762', 1, 8, 1, '2019-08-09 12:43:29', NULL, NULL, NULL, NULL, NULL, NULL),
	(422, 14, 159, '911642452766766', 1, 8, 1, '2019-08-09 12:43:29', NULL, NULL, NULL, NULL, NULL, NULL),
	(423, 168, 144, '357934106859621', 1, 4, 1, '2019-08-09 12:43:29', NULL, NULL, NULL, NULL, NULL, NULL),
	(424, 168, 144, '357934106862146', 1, 4, 1, '2019-08-09 12:43:29', NULL, NULL, NULL, NULL, NULL, NULL),
	(425, 168, 144, '359365100531254', 1, 4, 1, '2019-08-09 12:43:29', NULL, NULL, NULL, NULL, NULL, NULL),
	(426, 168, 144, '357934106860942', 1, 4, 1, '2019-08-09 12:43:29', NULL, NULL, NULL, NULL, NULL, NULL),
	(427, 168, 144, '357934106857641', 1, 4, 1, '2019-08-09 12:43:29', NULL, NULL, NULL, NULL, NULL, NULL),
	(428, 168, 144, '359365100532518', 1, 4, 1, '2019-08-08 13:06:38', '23516', '2019-08-08 13:06:40', 13, NULL, '2019-08-08 13:06:40', NULL),
	(429, 168, 144, '357934106863383', 1, 4, 1, '2019-08-09 12:43:29', NULL, NULL, NULL, NULL, NULL, NULL),
	(430, 168, 144, '357934106865701', 1, 4, 1, '2019-08-09 12:43:29', NULL, NULL, NULL, NULL, NULL, NULL),
	(431, 168, 144, '357934106861866', 1, 4, 1, '2019-08-09 12:43:29', NULL, NULL, NULL, NULL, NULL, NULL),
	(432, 168, 144, '357934106861643', 1, 4, 1, '2019-08-09 12:43:29', NULL, NULL, NULL, NULL, NULL, NULL),
	(433, 168, 144, '359365100562853', 1, 4, 1, '2019-08-09 12:43:29', NULL, NULL, NULL, NULL, NULL, NULL),
	(434, 168, 144, '357934106862021', 1, 4, 1, '2019-08-09 12:43:29', NULL, NULL, NULL, NULL, NULL, NULL),
	(435, 168, 144, '911642407371126', 1, 4, 1, '2019-08-09 12:43:29', NULL, NULL, NULL, NULL, NULL, NULL),
	(436, 168, 144, '357934100911022', 1, 4, 1, '2019-08-09 12:43:29', NULL, NULL, NULL, NULL, NULL, NULL),
	(437, 168, 144, '357934106864126', 1, 4, 1, '2019-08-09 12:43:29', NULL, NULL, NULL, NULL, NULL, NULL),
	(438, 168, 144, '357934106863243', 1, 4, 1, '2019-08-09 12:43:29', NULL, NULL, NULL, NULL, NULL, NULL),
	(439, 168, 144, '357934106860165', 1, 4, 1, '2019-08-09 12:43:29', NULL, NULL, NULL, NULL, NULL, NULL),
	(440, 168, 144, '357934100917508', 1, 4, 1, '2019-08-09 12:43:29', NULL, NULL, NULL, NULL, NULL, NULL),
	(441, 168, 144, '357934100914844', 1, 4, 1, '2019-08-09 12:43:29', NULL, NULL, NULL, NULL, NULL, NULL),
	(442, 169, 150, '911641955536049', 1, 4, 1, '2019-08-09 12:43:29', NULL, NULL, NULL, NULL, NULL, NULL),
	(443, 170, 149, '357936102599846', 1, 4, 1, '2019-08-09 12:43:29', NULL, NULL, NULL, NULL, NULL, NULL),
	(444, 170, 149, '357936102601287', 1, 4, 1, '2019-08-09 12:43:29', NULL, NULL, NULL, NULL, NULL, NULL),
	(445, 170, 149, '357936102575606', 1, 4, 1, '2019-08-09 12:43:29', NULL, NULL, NULL, NULL, NULL, NULL),
	(446, 170, 149, '357936102605502', 1, 4, 1, '2019-08-09 12:43:29', NULL, NULL, NULL, NULL, NULL, NULL),
	(447, 171, 145, '911654107880389', 1, 4, 1, '2019-08-09 12:43:29', NULL, NULL, NULL, NULL, NULL, NULL),
	(448, 171, 145, '911654107879886', 1, 4, 1, '2019-08-03 18:36:53', '23375', '2019-08-03 18:36:53', 13, NULL, '2019-08-03 18:36:53', NULL),
	(449, 171, 145, '911659503702848', 1, 4, 1, '2019-08-09 12:43:29', NULL, NULL, NULL, NULL, NULL, NULL),
	(450, 171, 145, '911654107792287', 1, 4, 1, '2019-08-09 12:43:29', NULL, NULL, NULL, NULL, NULL, NULL),
	(451, 171, 145, '911659503694169', 1, 4, 1, '2019-08-09 12:43:29', NULL, NULL, NULL, NULL, NULL, NULL),
	(452, 172, 147, '911656500598286', 1, 4, 1, '2019-08-06 16:33:43', 'SQM23455', '2019-08-06 16:33:43', 13, NULL, '2019-08-06 16:33:43', NULL),
	(453, 8, 146, '911656601940403', 1, 4, 1, '2019-08-09 12:43:29', NULL, NULL, NULL, NULL, NULL, NULL),
	(454, 8, 146, '911656602393743', 1, 4, 1, '2019-08-09 12:43:29', NULL, NULL, NULL, NULL, NULL, NULL),
	(455, 22, 11, '355090109583122', 1, 4, 1, '2019-08-09 12:43:29', NULL, NULL, NULL, NULL, NULL, NULL),
	(456, 22, 11, '357350104008790', 1, 4, 1, '2019-08-09 12:43:29', NULL, NULL, NULL, NULL, NULL, NULL),
	(457, 22, 11, '357350104022502', 1, 4, 1, '2019-08-09 12:43:29', NULL, NULL, NULL, NULL, NULL, NULL),
	(458, 23, 9, '352576108870216', 1, 4, 1, '2019-08-09 12:43:29', NULL, NULL, NULL, NULL, NULL, NULL),
	(459, 23, 9, '355201109523774', 1, 4, 1, '2019-08-09 12:43:29', NULL, NULL, NULL, NULL, NULL, NULL),
	(460, 23, 9, '355201109110341', 1, 4, 1, '2019-08-09 12:43:29', NULL, NULL, NULL, NULL, NULL, NULL),
	(461, 23, 9, '357194101711570', 1, 4, 1, '2019-08-09 12:43:29', NULL, NULL, NULL, NULL, NULL, NULL),
	(462, 23, 9, '357194100566736', 1, 4, 1, '2019-08-09 12:43:29', NULL, NULL, NULL, NULL, NULL, NULL),
	(463, 23, 9, '353573106224651', 1, 4, 1, '2019-08-09 12:43:29', NULL, NULL, NULL, NULL, NULL, NULL),
	(464, 24, 10, '357196106413953', 1, 4, 1, '2019-08-09 12:43:29', NULL, NULL, NULL, NULL, NULL, NULL),
	(465, 24, 10, '357196106418176', 1, 4, 1, '2019-08-09 12:43:29', NULL, NULL, NULL, NULL, NULL, NULL),
	(466, 24, 10, '356214108844397', 1, 4, 1, '2019-08-09 12:43:29', NULL, NULL, NULL, NULL, NULL, NULL),
	(467, 24, 10, '357196100166839', 1, 4, 1, '2019-08-09 12:43:29', NULL, NULL, NULL, NULL, NULL, NULL),
	(468, 24, 10, '354080101081416', 1, 4, 1, '2019-08-09 12:43:29', NULL, NULL, NULL, NULL, NULL, NULL),
	(469, 24, 10, '357196105376169', 1, 4, 1, '2019-08-09 12:43:29', NULL, NULL, NULL, NULL, NULL, NULL),
	(470, 25, 17, '352128109359904', 1, 4, 1, '2019-08-09 12:43:29', NULL, NULL, NULL, NULL, NULL, NULL),
	(471, 25, 17, '352128108730212', 1, 4, 1, '2019-08-09 12:43:29', NULL, NULL, NULL, NULL, NULL, NULL),
	(472, 16, 61, '354201109916565', 1, 3, 1, '2019-08-09 12:43:29', NULL, NULL, NULL, NULL, NULL, NULL),
	(473, 16, 61, '354201109916243', 1, 4, 1, '2019-08-09 12:43:29', NULL, NULL, NULL, NULL, NULL, NULL),
	(474, 17, 53, '359022090198996', 1, 4, 1, '2019-08-09 12:43:29', NULL, NULL, NULL, NULL, NULL, NULL),
	(475, 17, 53, '358983094072506', 1, 4, 1, '2019-08-09 12:43:29', NULL, NULL, NULL, NULL, NULL, NULL),
	(476, 17, 53, '358983094073017', 1, 4, 1, '2019-08-09 12:43:29', NULL, NULL, NULL, NULL, NULL, NULL),
	(477, 18, 54, '354182104312747', 1, 4, 1, '2019-08-09 12:43:29', NULL, NULL, NULL, NULL, NULL, NULL),
	(478, 18, 54, '354184104962802', 1, 4, 1, '2019-08-09 12:43:29', NULL, NULL, NULL, NULL, NULL, NULL),
	(479, 18, 54, '354184104962794', 1, 4, 1, '2019-08-04 18:04:43', '23415', '2019-08-04 18:04:43', 13, NULL, '2019-08-04 18:04:43', NULL),
	(480, 18, 54, '354182104787757', 1, 4, 1, '2019-08-09 12:43:29', NULL, NULL, NULL, NULL, NULL, NULL),
	(481, 19, 55, '359023092563716', 1, 4, 1, '2019-08-09 12:43:29', NULL, NULL, NULL, NULL, NULL, NULL),
	(482, 19, 55, '359023096303168', 1, 4, 1, '2019-08-09 12:43:29', NULL, NULL, NULL, NULL, NULL, NULL),
	(483, 19, 55, '359023092563708', 1, 4, 1, '2019-08-09 12:43:29', NULL, NULL, NULL, NULL, NULL, NULL),
	(484, 127, 56, '354183101914162', 1, 4, 1, '2019-08-09 12:43:29', NULL, NULL, NULL, NULL, NULL, NULL),
	(485, 127, 56, '354183101914170', 1, 4, 1, '2019-08-09 12:43:29', NULL, NULL, NULL, NULL, NULL, NULL),
	(486, 173, 175, '911655900100537', 1, 4, 1, '2019-08-05 17:41:38', '23433', '2019-08-05 17:41:38', 13, NULL, '2019-08-05 17:41:38', NULL),
	(487, 174, 13, '352231103851759', 1, 4, 1, '2019-08-09 12:43:29', NULL, NULL, NULL, NULL, NULL, NULL),
	(488, 175, 15, '353560102523855', 1, 4, 1, '2019-08-09 12:43:29', NULL, NULL, NULL, NULL, NULL, NULL),
	(489, 26, 2, '357348106340815', 1, 4, 1, '2019-08-09 12:43:29', NULL, NULL, NULL, NULL, NULL, NULL),
	(490, 26, 2, '357348105095212', 1, 4, 1, '2019-08-09 12:43:29', NULL, NULL, NULL, NULL, NULL, NULL),
	(491, 27, 1, '357872104154068', 1, 4, 1, '2019-08-09 12:43:29', NULL, NULL, NULL, NULL, NULL, NULL),
	(492, 28, 3, '356926103769135', 1, 4, 1, '2019-08-09 12:43:29', NULL, NULL, NULL, NULL, NULL, NULL),
	(493, 104, 4, '356152105731946', 1, 4, 1, '2019-08-09 12:43:29', NULL, NULL, NULL, NULL, NULL, NULL),
	(494, 176, 141, '355529091207794', 1, 4, 1, '2019-08-09 12:43:29', NULL, NULL, NULL, NULL, NULL, NULL),
	(495, 177, 176, '869878032897737', 1, 4, 1, '2019-08-09 12:43:29', NULL, NULL, NULL, NULL, NULL, NULL),
	(496, 109, 158, '911642454033736', 1, 4, 1, '2019-08-09 12:43:29', NULL, NULL, NULL, NULL, NULL, NULL),
	(497, 14, 159, '911642452073015', 1, 4, 1, '2019-08-09 12:43:29', NULL, NULL, NULL, NULL, NULL, NULL),
	(498, 14, 159, '911642454801389', 1, 4, 1, '2019-08-09 12:43:29', NULL, NULL, NULL, NULL, NULL, NULL),
	(499, 14, 159, '911642450244246', 1, 4, 1, '2019-08-09 12:43:29', NULL, NULL, NULL, NULL, NULL, NULL),
	(500, 108, 161, '911636503380635', 1, 4, 1, '2019-08-09 12:43:29', NULL, NULL, NULL, NULL, NULL, NULL),
	(501, 178, 163, '911623000789864', 1, 4, 1, '2019-08-09 12:43:29', NULL, NULL, NULL, NULL, NULL, NULL),
	(502, 179, 164, '911642100075578', 1, 4, 1, '2019-08-09 12:43:29', NULL, NULL, NULL, NULL, NULL, NULL),
	(503, 21, 52, '357311089713242', 1, 4, 1, '2019-08-09 12:43:29', NULL, NULL, NULL, NULL, NULL, NULL),
	(504, 20, 58, '352918102134936', 1, 4, 1, '2019-08-09 12:43:29', NULL, NULL, NULL, NULL, NULL, NULL),
	(505, 122, 50, '352913100591591', 1, 4, 1, '2019-08-09 12:43:29', NULL, NULL, NULL, NULL, NULL, NULL),
	(506, 37, 123, '352380105113005', 1, 4, 1, '2019-08-09 12:43:29', NULL, NULL, NULL, NULL, NULL, NULL),
	(507, 36, 119, '352205108999144', 1, 4, 1, '2019-08-09 12:43:29', NULL, NULL, NULL, NULL, NULL, NULL),
	(508, 130, 31, '860720042116311', 1, 4, 1, '2019-08-09 12:43:29', NULL, NULL, NULL, NULL, NULL, NULL),
	(509, 143, 174, '863521049236475', 1, 4, 1, '2019-08-09 12:43:29', NULL, NULL, NULL, NULL, NULL, NULL),
	(510, 44, 26, '868025043673696', 1, 4, 1, '2019-08-08 09:29:41', '23498', '2019-08-08 09:31:36', 13, NULL, '2019-08-08 09:31:36', NULL),
	(511, 46, 21, '862222040289438', 1, 4, 1, '2019-08-09 12:43:29', NULL, NULL, NULL, NULL, NULL, NULL),
	(512, 47, 24, '866191042041715', 1, 4, 1, '2019-08-09 12:43:29', NULL, NULL, NULL, NULL, NULL, NULL),
	(513, 45, 29, '868091046338075', 1, 4, 1, '2019-08-04 11:48:16', 'SQM23391', '2019-08-04 11:48:16', 13, NULL, '2019-08-04 11:48:16', NULL),
	(514, 180, 22, '869184042129959', 1, 4, 1, '2019-08-09 12:43:29', NULL, NULL, NULL, NULL, NULL, NULL),
	(515, 181, 114, '866419040455771', 1, 4, 1, '2019-08-09 12:43:29', NULL, NULL, NULL, NULL, NULL, NULL),
	(516, 43, 165, '863376044322592', 1, 4, 1, '2019-08-09 12:43:29', NULL, NULL, NULL, NULL, NULL, NULL),
	(517, 39, 103, '868084049526531', 1, 4, 1, '2019-08-04 17:53:42', '23415', '2019-08-04 17:53:42', 13, NULL, '2019-08-04 17:53:42', NULL),
	(518, 39, 103, '868084047376251', 1, 4, 1, '2019-08-05 17:45:37', '23436', '2019-08-05 17:45:37', 13, NULL, '2019-08-05 17:45:37', NULL),
	(519, 39, 103, '868084049518777', 1, 4, 1, '2019-08-06 11:14:39', '23443', '2019-08-06 11:14:39', 13, NULL, '2019-08-06 11:14:39', NULL),
	(520, 39, 103, '868084049534691', 1, 4, 1, '2019-08-04 17:40:37', '23413', '2019-08-04 17:40:37', 13, NULL, '2019-08-04 17:40:37', NULL),
	(521, 181, 114, '863787043977915', 1, 4, 1, '2019-08-09 12:43:29', NULL, NULL, NULL, NULL, NULL, NULL),
	(522, 42, 166, '865841043419051', 1, 4, 1, '2019-08-09 12:43:29', NULL, NULL, NULL, NULL, NULL, NULL),
	(523, 42, 166, '865841043286534', 1, 4, 1, '2019-08-09 12:43:29', NULL, NULL, NULL, NULL, NULL, NULL),
	(524, 182, 117, '867455048386039', 1, 4, 1, '2019-08-08 09:36:25', '23483', '2019-08-08 09:36:48', 13, NULL, '2019-08-08 09:36:48', NULL),
	(525, 182, 117, '867455048237356', 1, 4, 1, '2019-08-09 12:43:29', NULL, NULL, NULL, NULL, NULL, NULL),
	(526, 41, 107, '869391045431452', 1, 4, 1, '2019-08-09 12:43:29', NULL, NULL, NULL, NULL, NULL, NULL),
	(527, 100, 87, '865179043702014', 1, 4, 1, '2019-08-09 12:43:29', NULL, NULL, NULL, NULL, NULL, NULL),
	(528, 100, 87, '865179043645619', 1, 4, 1, '2019-08-04 09:40:30', 'SQM 23383', '2019-08-04 09:40:30', 13, NULL, '2019-08-04 09:40:30', NULL),
	(529, 54, 73, '868514046565678', 1, 4, 1, '2019-08-03 13:44:28', '23362', '2019-08-03 13:44:28', 13, NULL, '2019-08-03 13:44:28', NULL),
	(530, 183, 63, '867774041223555', 1, 4, 1, '2019-08-09 12:43:29', NULL, NULL, NULL, NULL, NULL, NULL),
	(531, 184, 69, '861743040363155', 1, 4, 1, '2019-08-09 12:43:29', NULL, NULL, NULL, NULL, NULL, NULL),
	(532, 61, 169, '868609044020039', 1, 4, 1, '2019-08-09 12:43:29', NULL, NULL, NULL, NULL, NULL, NULL),
	(533, 55, 72, '868514046521234', 1, 4, 1, '2019-08-09 12:43:29', NULL, NULL, NULL, NULL, NULL, NULL),
	(534, 56, 91, '868559049840958', 1, 4, 1, '2019-08-08 09:37:47', '23454', '2019-08-08 09:37:54', 13, NULL, '2019-08-08 09:37:54', NULL),
	(536, 185, 169, '868609044574415', 1, 3, 1, NULL, NULL, NULL, NULL, NULL, NULL, NULL),
	(537, 185, 169, '868609044571296', 1, 5, 1, '2019-08-08 15:47:15', '23513', '2019-08-08 15:47:51', 11, NULL, '2019-08-08 15:47:51', NULL),
	(538, 185, 169, '868609044530771', 1, 2, 1, NULL, NULL, NULL, NULL, NULL, NULL, NULL),
	(539, 185, 169, '868609044572674', 1, 6, 1, NULL, NULL, NULL, NULL, NULL, NULL, NULL),
	(540, 185, 169, '868609044573912', 1, 6, 1, NULL, NULL, NULL, NULL, NULL, NULL, NULL),
	(541, 185, 169, '868609044573490', 1, 4, 1, NULL, NULL, NULL, NULL, NULL, NULL, NULL),
	(542, 185, 169, '868609044542537', 1, 7, 1, NULL, NULL, NULL, NULL, NULL, NULL, NULL),
	(543, 185, 169, '868609044571916', 1, 2, 1, NULL, NULL, NULL, NULL, NULL, NULL, NULL),
	(544, 185, 169, '868609044574373', 1, 8, 1, NULL, NULL, NULL, NULL, NULL, NULL, NULL),
	(545, 185, 169, '868609044574696', 1, 8, 1, NULL, NULL, NULL, NULL, NULL, NULL, NULL),
	(546, 186, 72, '868158045327316', 1, 6, 1, '2019-08-07 18:21:32', 'SQM23468', '2019-08-07 18:22:52', 8, NULL, '2019-08-07 18:22:52', NULL),
	(547, 186, 72, '868158045382253', 1, 5, 1, NULL, NULL, NULL, NULL, NULL, NULL, NULL),
	(548, 186, 72, '868158040744432', 1, 2, 1, NULL, NULL, NULL, NULL, NULL, NULL, NULL),
	(549, 187, 91, '866300047810871', 1, 4, 1, '2019-08-08 09:37:12', '23454', '2019-08-08 09:37:24', 13, NULL, '2019-08-08 09:37:24', NULL),
	(550, 187, 91, '866300042169380', 1, 5, 1, '2019-08-05 14:37:11', '23426', '2019-08-05 14:37:11', 11, NULL, '2019-08-05 14:37:11', NULL),
	(551, 106, 5, '356129102500581', 1, 5, 1, '2019-08-09 12:43:29', NULL, NULL, NULL, NULL, NULL, NULL),
	(552, 106, 5, '357192104580760', 1, 5, 1, '2019-08-09 12:43:29', NULL, NULL, NULL, NULL, NULL, NULL),
	(553, 28, 3, '356926102490899', 1, 5, 1, '2019-08-09 12:43:29', NULL, NULL, NULL, NULL, NULL, NULL),
	(554, 28, 3, '358358100463645', 1, 5, 1, '2019-08-09 12:43:29', NULL, NULL, NULL, NULL, NULL, NULL),
	(555, 27, 1, '358972107004838', 1, 5, 1, '2019-08-09 12:43:29', NULL, NULL, NULL, NULL, NULL, NULL),
	(556, 188, 7, '351578104070834', 1, 5, 1, '2019-08-09 12:43:29', NULL, NULL, NULL, NULL, NULL, NULL),
	(557, 189, 14, '359431092705668', 1, 5, 1, '2019-08-09 12:43:29', NULL, NULL, NULL, NULL, NULL, NULL),
	(558, 190, 16, '352682109659556', 1, 5, 1, '2019-08-09 12:43:29', NULL, NULL, NULL, NULL, NULL, NULL),
	(559, 50, 101, '911628250025422', 1, 5, 1, '2019-08-09 12:43:29', NULL, NULL, NULL, NULL, NULL, NULL),
	(560, 191, 127, '19310/480004188', 1, 3, 1, '2019-08-02 12:40:36', 'sqm23329', '2019-08-02 12:40:36', 12, NULL, '2019-08-02 12:40:36', NULL),
	(561, 191, 127, '19310/480005566', 1, 4, 1, NULL, NULL, NULL, NULL, NULL, NULL, NULL),
	(562, 147, 62, '869865042504635', 1, 5, 1, '2019-08-09 12:43:29', NULL, NULL, NULL, NULL, NULL, NULL),
	(563, 147, 62, '864297042687811', 1, 5, 1, '2019-08-09 12:43:29', NULL, NULL, NULL, NULL, NULL, NULL),
	(564, 101, 92, '868559047414962', 1, 5, 1, '2019-08-09 12:43:29', NULL, NULL, NULL, NULL, NULL, NULL),
	(565, 192, 2, '358237102131725', 1, 5, 1, NULL, NULL, NULL, NULL, NULL, NULL, NULL),
	(566, 192, 2, '358237101296933', 1, 5, 1, NULL, NULL, NULL, NULL, NULL, NULL, NULL),
	(567, 192, 2, '358237102856511', 1, 8, 1, NULL, NULL, NULL, NULL, NULL, NULL, NULL),
	(568, 192, 2, '358237102835457', 1, 5, 1, NULL, NULL, NULL, NULL, NULL, NULL, NULL),
	(569, 192, 2, '358237102853609', 1, 3, 1, NULL, NULL, NULL, NULL, NULL, NULL, NULL),
	(570, 192, 2, '358237102786262', 1, 2, 1, NULL, NULL, NULL, NULL, NULL, NULL, NULL),
	(571, 192, 2, '358237101267694', 1, 6, 1, '2019-08-03 18:33:44', 'SQM23374', '2019-08-03 18:33:44', 8, NULL, '2019-08-03 18:33:44', NULL),
	(572, 192, 2, '358237102783210', 1, 6, 1, NULL, NULL, NULL, NULL, NULL, NULL, NULL),
	(573, 192, 2, '358237102853666', 1, 7, 1, NULL, NULL, NULL, NULL, NULL, NULL, NULL),
	(574, 192, 2, '358237100710702', 1, 6, 1, '2019-08-04 18:02:27', 'sqm23417', '2019-08-04 18:02:27', 8, NULL, '2019-08-04 18:02:27', NULL),
	(575, 193, 71, '867107045476590', 1, 4, 1, '2019-08-02 18:35:20', 'SQM23335', '2019-08-02 18:35:20', 13, NULL, '2019-08-02 18:35:20', NULL),
	(576, 193, 71, '867107045476210', 1, 2, 1, '2019-08-09 12:43:29', NULL, NULL, NULL, NULL, NULL, NULL),
	(577, 193, 71, '867521048951302', 1, 5, 1, '2019-08-09 12:43:29', NULL, NULL, NULL, NULL, NULL, NULL),
	(578, 194, 1, '359175102050116', 1, 4, 1, NULL, NULL, NULL, NULL, NULL, NULL, NULL),
	(579, 194, 1, '359175102294185', 1, 6, 1, NULL, NULL, NULL, NULL, NULL, NULL, NULL),
	(580, 194, 1, '359175102479190', 1, 2, 1, NULL, NULL, NULL, NULL, NULL, NULL, NULL),
	(581, 194, 1, '359175102049811', 1, 6, 1, NULL, NULL, NULL, NULL, NULL, NULL, NULL),
	(582, 194, 1, '359175102048805', 1, 8, 1, NULL, NULL, NULL, NULL, NULL, NULL, NULL),
	(583, 194, 1, '359175102396188', 1, 7, 1, NULL, NULL, NULL, NULL, NULL, NULL, NULL),
	(584, 194, 1, '359175102049860', 1, 5, 1, NULL, NULL, NULL, NULL, NULL, NULL, NULL),
	(585, 194, 1, '359175102048706', 1, 5, 1, NULL, NULL, NULL, NULL, NULL, NULL, NULL),
	(586, 194, 1, '359175102298566', 1, 3, 1, NULL, NULL, NULL, NULL, NULL, NULL, NULL),
	(587, 194, 1, '359175102021950', 1, 6, 1, NULL, NULL, NULL, NULL, NULL, NULL, NULL),
	(588, 61, 169, '868609044599354', 1, 5, 1, '2019-08-09 12:43:29', NULL, NULL, NULL, NULL, NULL, NULL),
	(589, 119, 30, '868326042924324', 1, 5, 1, '2019-08-06 11:56:07', '23446', '2019-08-06 11:56:07', 11, NULL, '2019-08-06 11:56:07', NULL),
	(590, 44, 26, '868025049279290', 1, 5, 1, '2019-08-09 12:43:29', NULL, NULL, NULL, NULL, NULL, NULL),
	(591, 47, 24, '866985045934747', 1, 5, 1, '2019-08-09 12:43:29', NULL, NULL, NULL, NULL, NULL, NULL),
	(592, 195, 4, '358084100359951', 1, 6, 1, NULL, NULL, NULL, NULL, NULL, NULL, NULL),
	(593, 195, 4, '358084100360074', 1, 6, 1, NULL, NULL, NULL, NULL, NULL, NULL, NULL),
	(594, 195, 4, '358084101978296', 1, 2, 1, NULL, NULL, NULL, NULL, NULL, NULL, NULL),
	(595, 195, 4, '358084100365297', 1, 5, 1, NULL, NULL, NULL, NULL, NULL, NULL, NULL),
	(596, 195, 4, '358084102031970', 1, 5, 1, NULL, NULL, NULL, NULL, NULL, NULL, NULL),
	(597, 45, 29, '868091042153981', 1, 5, 1, '2019-08-05 16:16:14', '23430', '2019-08-05 16:16:14', 11, NULL, '2019-08-05 16:16:14', NULL),
	(598, 196, 5, '357192107427902', 1, 6, 1, NULL, NULL, NULL, NULL, NULL, NULL, NULL),
	(599, 196, 5, '357192107757381', 1, 6, 1, NULL, NULL, NULL, NULL, NULL, NULL, NULL),
	(600, 196, 5, '357192103758037', 1, 3, 1, NULL, NULL, NULL, NULL, NULL, NULL, NULL),
	(601, 196, 5, '357192107756748', 1, 4, 1, NULL, NULL, NULL, NULL, NULL, NULL, NULL),
	(602, 196, 5, '357192101366544', 1, 5, 1, NULL, NULL, NULL, NULL, NULL, NULL, NULL),
	(603, 196, 5, '357192103757989', 1, 2, 1, NULL, NULL, NULL, NULL, NULL, NULL, NULL),
	(604, 130, 31, '860720042115818', 1, 5, 1, '2019-08-03 16:47:45', '23357', '2019-08-03 16:47:45', 11, NULL, '2019-08-03 16:47:45', NULL),
	(605, 121, 170, '866904041981271', 1, 5, 1, '2019-08-09 12:43:29', NULL, NULL, NULL, NULL, NULL, NULL),
	(606, 197, 10, '358082107693323', 1, 8, 1, NULL, NULL, NULL, NULL, NULL, NULL, NULL),
	(607, 197, 10, '358082107693281', 1, 8, 1, NULL, NULL, NULL, NULL, NULL, NULL, NULL),
	(608, 197, 10, '358082107599397', 1, 2, 1, NULL, NULL, NULL, NULL, NULL, NULL, NULL),
	(609, 197, 10, '358082107693190', 1, 6, 1, NULL, NULL, NULL, NULL, NULL, NULL, NULL),
	(610, 197, 10, '358082107130391', 1, 5, 1, NULL, NULL, NULL, NULL, NULL, NULL, NULL),
	(611, 197, 10, '358082107598894', 1, 2, 1, NULL, NULL, NULL, NULL, NULL, NULL, NULL),
	(612, 197, 10, '358082107693349', 1, 8, 1, NULL, NULL, NULL, NULL, NULL, NULL, NULL),
	(613, 197, 10, '358082106193580', 1, 5, 1, NULL, NULL, NULL, NULL, NULL, NULL, NULL),
	(614, 197, 10, '358082107599314', 1, 5, 1, NULL, NULL, NULL, NULL, NULL, NULL, NULL),
	(615, 197, 10, '358082107598779', 1, 6, 1, NULL, NULL, NULL, NULL, NULL, NULL, NULL),
	(616, 198, 9, '355201108457669', 1, 6, 1, NULL, NULL, NULL, NULL, NULL, NULL, NULL),
	(617, 198, 9, '355201108669073', 1, 8, 1, '2019-08-06 09:03:53', 'SQM23441', '2019-08-06 09:03:53', 9, NULL, '2019-08-06 09:03:53', NULL),
	(618, 198, 9, '357194101966489', 1, 8, 1, NULL, NULL, NULL, NULL, NULL, NULL, NULL),
	(619, 199, 17, '356216100978644', 1, 2, 1, NULL, NULL, NULL, NULL, NULL, NULL, NULL),
	(620, 199, 17, '356216102591304', 1, 5, 1, NULL, NULL, NULL, NULL, NULL, NULL, NULL),
	(621, 199, 17, '356216102479922', 1, 5, 1, NULL, NULL, NULL, NULL, NULL, NULL, NULL),
	(622, 199, 17, '356216102179795', 1, 3, 1, NULL, NULL, NULL, NULL, NULL, NULL, NULL),
	(623, 199, 17, '356216102179597', 1, 3, 1, NULL, NULL, NULL, NULL, NULL, NULL, NULL),
	(624, 199, 17, '356216101362335', 1, 2, 1, NULL, NULL, NULL, NULL, NULL, NULL, NULL),
	(625, 199, 17, '356216102179563', 1, 6, 1, NULL, NULL, NULL, NULL, NULL, NULL, NULL),
	(626, 199, 17, '356216102180264', 1, 8, 1, NULL, NULL, NULL, NULL, NULL, NULL, NULL),
	(627, 199, 17, '356216102179829', 1, 8, 1, NULL, NULL, NULL, NULL, NULL, NULL, NULL),
	(628, 199, 17, '356216102179720', 1, 7, 1, NULL, NULL, NULL, NULL, NULL, NULL, NULL),
	(629, 132, 172, '352204103952968', 1, 5, 1, '2019-08-09 12:43:29', NULL, NULL, NULL, NULL, NULL, NULL),
	(630, 35, 121, '359849090299865', 1, 5, 1, '2019-08-09 12:43:29', NULL, NULL, NULL, NULL, NULL, NULL),
	(631, 35, 121, '352205108365569', 1, 5, 1, '2019-08-02 15:09:46', '23332', '2019-08-02 15:09:46', 11, NULL, '2019-08-02 15:09:46', NULL),
	(632, 52, 133, '867045040811181', 1, 5, 1, '2019-08-09 12:43:29', NULL, NULL, NULL, NULL, NULL, NULL),
	(633, 153, 134, '869952032779136', 1, 5, 1, '2019-08-09 12:43:29', NULL, NULL, NULL, NULL, NULL, NULL),
	(634, 176, 141, '355529091870179', 1, 5, 1, '2019-08-09 12:43:29', NULL, NULL, NULL, NULL, NULL, NULL),
	(635, 43, 165, '863376045978152', 1, 5, 1, '2019-08-09 12:43:29', NULL, NULL, NULL, NULL, NULL, NULL),
	(636, 43, 165, '863376045227253', 1, 5, 1, '2019-08-09 12:43:29', NULL, NULL, NULL, NULL, NULL, NULL),
	(637, 42, 166, '865841043426650', 1, 5, 1, '2019-08-09 12:43:29', NULL, NULL, NULL, NULL, NULL, NULL),
	(638, 200, 115, '865841048704952', 1, 5, 1, '2019-08-09 12:43:29', NULL, NULL, NULL, NULL, NULL, NULL),
	(639, 39, 103, '868084047333138', 1, 5, 1, '2019-08-09 12:43:29', NULL, NULL, NULL, NULL, NULL, NULL),
	(640, 39, 103, '868084047372433', 1, 5, 1, '2019-08-09 12:43:29', NULL, NULL, NULL, NULL, NULL, NULL),
	(641, 39, 103, '868084047380972', 1, 5, 1, '2019-08-09 12:43:29', NULL, NULL, NULL, NULL, NULL, NULL),
	(642, 39, 103, '868084045662959', 1, 5, 1, '2019-08-09 12:43:29', NULL, NULL, NULL, NULL, NULL, NULL),
	(643, 201, 116, '869336044620357', 1, 5, 1, '2019-08-09 12:43:29', NULL, NULL, NULL, NULL, NULL, NULL),
	(644, 202, 177, '862162046937277', 1, 5, 1, '2019-08-09 12:43:29', NULL, NULL, NULL, NULL, NULL, NULL),
	(645, 22, 11, '356251100579480', 1, 5, 1, '2019-08-06 14:36:34', 'SQM23450', '2019-08-06 14:36:34', 11, NULL, '2019-08-06 14:36:34', NULL),
	(646, 22, 11, '358239102782010', 1, 5, 1, '2019-08-09 12:43:29', NULL, NULL, NULL, NULL, NULL, NULL),
	(647, 22, 11, '358239100197658', 1, 5, 1, '2019-08-09 12:43:29', NULL, NULL, NULL, NULL, NULL, NULL),
	(648, 23, 9, '353573100808327', 1, 5, 1, '2019-08-09 12:43:29', NULL, NULL, NULL, NULL, NULL, NULL),
	(649, 23, 9, '357194103834602', 1, 5, 1, '2019-08-09 12:43:29', NULL, NULL, NULL, NULL, NULL, NULL),
	(650, 23, 9, '357194103877726', 1, 5, 1, '2019-08-09 12:43:29', NULL, NULL, NULL, NULL, NULL, NULL),
	(651, 23, 9, '355201108493888', 1, 5, 1, '2019-08-09 12:43:29', NULL, NULL, NULL, NULL, NULL, NULL),
	(652, 24, 10, '358082100857511', 1, 5, 1, '2019-08-09 12:43:29', NULL, NULL, NULL, NULL, NULL, NULL),
	(653, 24, 10, '358082100857537', 1, 5, 1, '2019-08-03 09:25:36', '23352', '2019-08-03 09:25:36', 11, NULL, '2019-08-03 09:25:36', NULL),
	(654, 25, 17, '356216101819607', 1, 5, 1, '2019-08-09 12:43:29', NULL, NULL, NULL, NULL, NULL, NULL),
	(655, 6, 144, '357934106874620', 1, 5, 1, '2019-08-09 12:43:29', NULL, NULL, NULL, NULL, NULL, NULL),
	(656, 6, 144, '357934106873481', 1, 5, 1, '2019-08-09 12:43:29', NULL, NULL, NULL, NULL, NULL, NULL),
	(657, 6, 144, '357934106876617', 1, 5, 1, '2019-08-09 12:43:29', NULL, NULL, NULL, NULL, NULL, NULL),
	(658, 6, 144, '357934106861072', 1, 5, 1, '2019-08-09 12:43:29', NULL, NULL, NULL, NULL, NULL, NULL),
	(659, 6, 144, '357934106861726', 1, 5, 1, '2019-08-09 12:43:29', NULL, NULL, NULL, NULL, NULL, NULL),
	(660, 6, 144, '357934106800583', 1, 5, 1, '2019-08-09 12:43:29', NULL, NULL, NULL, NULL, NULL, NULL),
	(661, 6, 144, '357934106870446', 1, 5, 1, '2019-08-09 12:43:29', NULL, NULL, NULL, NULL, NULL, NULL),
	(662, 6, 144, '357934106863680', 1, 5, 1, '2019-08-09 12:43:29', NULL, NULL, NULL, NULL, NULL, NULL),
	(663, 6, 144, '357934106861882', 1, 5, 1, '2019-08-09 12:43:29', NULL, NULL, NULL, NULL, NULL, NULL),
	(664, 6, 144, '357934106876724', 1, 5, 1, '2019-08-09 12:43:29', NULL, NULL, NULL, NULL, NULL, NULL),
	(665, 203, 151, '911573152143875', 1, 5, 1, '2019-08-09 12:43:29', NULL, NULL, NULL, NULL, NULL, NULL),
	(666, 9, 145, '911654107159727', 1, 5, 1, '2019-08-09 12:43:29', NULL, NULL, NULL, NULL, NULL, NULL),
	(667, 9, 145, '911654107159198', 1, 5, 1, '2019-08-09 12:43:29', NULL, NULL, NULL, NULL, NULL, NULL),
	(668, 8, 146, '911656601946756', 1, 5, 1, '2019-08-09 12:43:29', NULL, NULL, NULL, NULL, NULL, NULL),
	(669, 8, 146, '911656601947101', 1, 5, 1, '2019-08-09 12:43:29', NULL, NULL, NULL, NULL, NULL, NULL),
	(670, 8, 146, '911656601942292', 1, 5, 1, '2019-08-09 12:43:29', NULL, NULL, NULL, NULL, NULL, NULL),
	(671, 8, 146, '911656601944256', 1, 5, 1, '2019-08-09 12:43:29', NULL, NULL, NULL, NULL, NULL, NULL),
	(672, 9, 145, '911659503722010', 1, 5, 1, '2019-08-09 12:43:29', NULL, NULL, NULL, NULL, NULL, NULL),
	(673, 21, 52, '357311089222152', 1, 5, 1, '2019-08-09 12:43:29', NULL, NULL, NULL, NULL, NULL, NULL),
	(674, 109, 158, '911635408527373', 1, 5, 1, '2019-08-09 12:43:29', NULL, NULL, NULL, NULL, NULL, NULL),
	(675, 14, 159, '911635408706944', 1, 5, 1, '2019-08-09 12:43:29', NULL, NULL, NULL, NULL, NULL, NULL),
	(676, 14, 159, '911642450243099', 1, 5, 1, '2019-08-09 12:43:29', NULL, NULL, NULL, NULL, NULL, NULL),
	(677, 14, 159, '911642450244642', 1, 5, 1, '2019-08-09 12:43:29', NULL, NULL, NULL, NULL, NULL, NULL),
	(678, 108, 161, '911636503381724', 1, 5, 1, '2019-08-09 12:43:29', NULL, NULL, NULL, NULL, NULL, NULL),
	(679, 17, 53, '354201109939948', 1, 5, 1, '2019-08-09 12:43:29', NULL, NULL, NULL, NULL, NULL, NULL),
	(680, 17, 53, '354201109916649', 1, 5, 1, '2019-08-09 12:43:29', NULL, NULL, NULL, NULL, NULL, NULL),
	(681, 17, 53, '354201109940136', 1, 5, 1, '2019-08-09 12:43:29', NULL, NULL, NULL, NULL, NULL, NULL),
	(682, 17, 53, '354201109915781', 1, 5, 1, '2019-08-09 12:43:29', NULL, NULL, NULL, NULL, NULL, NULL),
	(683, 17, 53, '359022090199010', 1, 5, 1, '2019-08-09 12:43:29', NULL, NULL, NULL, NULL, NULL, NULL),
	(684, 18, 54, '354182105204117', 1, 5, 1, '2019-08-09 12:43:29', NULL, NULL, NULL, NULL, NULL, NULL),
	(685, 18, 54, '354184104963420', 1, 5, 1, '2019-08-09 12:43:29', NULL, NULL, NULL, NULL, NULL, NULL),
	(686, 18, 54, '354184104960053', 1, 5, 1, '2019-08-08 09:40:58', '23500', '2019-08-08 09:41:23', 11, NULL, '2019-08-08 09:41:23', NULL),
	(687, 18, 54, '354184104961051', 1, 5, 1, '2019-08-09 12:43:29', NULL, NULL, NULL, NULL, NULL, NULL),
	(688, 19, 55, '359023095616487', 1, 5, 1, '2019-08-09 12:43:29', NULL, NULL, NULL, NULL, NULL, NULL),
	(689, 8, 146, '911656602392562', 1, 6, 1, '2019-08-09 12:43:29', NULL, NULL, NULL, NULL, NULL, NULL),
	(690, 8, 146, '911636209285153', 1, 6, 1, '2019-08-09 12:43:29', NULL, NULL, NULL, NULL, NULL, NULL),
	(691, 8, 146, '911636209285369', 1, 6, 1, '2019-08-09 12:43:29', NULL, NULL, NULL, NULL, NULL, NULL),
	(692, 8, 146, '911636209279669', 1, 6, 1, '2019-08-09 12:43:29', NULL, NULL, NULL, NULL, NULL, NULL),
	(693, 8, 146, '911636209290583', 1, 6, 1, '2019-08-09 12:43:29', NULL, NULL, NULL, NULL, NULL, NULL),
	(694, 8, 146, '911636209171643', 1, 6, 1, '2019-08-09 12:43:29', NULL, NULL, NULL, NULL, NULL, NULL),
	(695, 8, 146, '911636209172385', 1, 6, 1, '2019-08-09 12:43:29', NULL, NULL, NULL, NULL, NULL, NULL),
	(696, 8, 146, '911636209170488', 1, 6, 1, '2019-08-09 12:43:29', NULL, NULL, NULL, NULL, NULL, NULL),
	(697, 172, 147, '911656502856401', 1, 6, 1, '2019-08-09 12:43:29', NULL, NULL, NULL, NULL, NULL, NULL),
	(698, 172, 147, '911656502880260', 1, 6, 1, '2019-08-09 12:43:29', NULL, NULL, NULL, NULL, NULL, NULL),
	(699, 172, 147, '911656500597031', 1, 6, 1, '2019-08-09 12:43:29', NULL, NULL, NULL, NULL, NULL, NULL),
	(700, 172, 147, '911656500602443', 1, 6, 1, '2019-08-09 12:43:29', NULL, NULL, NULL, NULL, NULL, NULL),
	(701, 172, 147, '911656500613507', 1, 6, 1, '2019-08-09 12:43:29', NULL, NULL, NULL, NULL, NULL, NULL),
	(702, 172, 147, '911656500618779', 1, 6, 1, '2019-08-09 12:43:29', NULL, NULL, NULL, NULL, NULL, NULL),
	(703, 172, 147, '911656501062811', 1, 6, 1, '2019-08-09 12:43:29', NULL, NULL, NULL, NULL, NULL, NULL),
	(704, 172, 147, '911656502893891', 1, 6, 1, '2019-08-09 12:43:29', NULL, NULL, NULL, NULL, NULL, NULL),
	(705, 6, 144, '357934106874406', 1, 6, 1, '2019-08-09 12:43:29', NULL, NULL, NULL, NULL, NULL, NULL),
	(706, 6, 144, '357934106864548', 1, 6, 1, '2019-08-09 12:43:29', NULL, NULL, NULL, NULL, NULL, NULL),
	(707, 6, 144, '357934106862161', 1, 6, 1, '2019-08-09 12:43:29', NULL, NULL, NULL, NULL, NULL, NULL),
	(708, 6, 144, '357934106855256', 1, 6, 1, '2019-08-09 12:43:29', NULL, NULL, NULL, NULL, NULL, NULL),
	(709, 6, 144, '357934106766024', 1, 6, 1, '2019-08-09 12:43:29', NULL, NULL, NULL, NULL, NULL, NULL),
	(710, 6, 144, '357934106873515', 1, 6, 1, '2019-08-06 14:46:26', 'sqm23447', '2019-08-06 14:46:26', 8, NULL, '2019-08-06 14:46:26', NULL),
	(711, 6, 144, '357934106873929', 1, 6, 1, '2019-08-09 12:43:29', NULL, NULL, NULL, NULL, NULL, NULL),
	(712, 6, 144, '357934106800112', 1, 6, 1, '2019-08-09 12:43:29', NULL, NULL, NULL, NULL, NULL, NULL),
	(713, 6, 144, '357934106860181', 1, 6, 1, '2019-08-06 16:52:23', 'sqm23457', '2019-08-06 16:52:23', 8, NULL, '2019-08-06 16:52:23', NULL),
	(714, 7, 149, '357936102599770', 1, 6, 1, '2019-08-09 12:43:29', NULL, NULL, NULL, NULL, NULL, NULL),
	(715, 204, 148, '911651752060440', 1, 6, 1, '2019-08-09 12:43:29', NULL, NULL, NULL, NULL, NULL, NULL),
	(716, 204, 148, '911613758697419', 1, 6, 1, '2019-08-05 09:35:57', 'sqm23420', '2019-08-05 09:35:57', 8, NULL, '2019-08-05 09:35:57', NULL),
	(717, 204, 148, '911651752058048', 1, 6, 1, '2019-08-09 12:43:29', NULL, NULL, NULL, NULL, NULL, NULL),
	(718, 11, 154, '911611109655979', 1, 6, 1, '2019-08-09 12:43:29', NULL, NULL, NULL, NULL, NULL, NULL),
	(719, 13, 150, '911641955541189', 1, 6, 1, '2019-08-09 12:43:29', NULL, NULL, NULL, NULL, NULL, NULL),
	(720, 13, 150, '911605459995910', 1, 6, 1, '2019-08-09 12:43:29', NULL, NULL, NULL, NULL, NULL, NULL),
	(721, 13, 150, '911641955406540', 1, 6, 1, '2019-08-09 12:43:29', NULL, NULL, NULL, NULL, NULL, NULL),
	(722, 9, 145, '911654101104679', 1, 6, 1, '2019-08-04 17:03:34', 'SQM23410', '2019-08-04 17:03:34', 8, NULL, '2019-08-04 17:03:34', NULL),
	(723, 9, 145, '911654107159925', 1, 6, 1, '2019-08-07 18:21:10', 'SQM23488', '2019-08-07 18:23:13', 8, NULL, '2019-08-07 18:23:13', NULL),
	(724, 9, 145, '911659503722499', 1, 6, 1, '2019-08-09 12:43:29', NULL, NULL, NULL, NULL, NULL, NULL),
	(725, 9, 145, '911659503721863', 1, 6, 1, '2019-08-09 12:43:29', NULL, NULL, NULL, NULL, NULL, NULL),
	(726, 44, 26, '869571045638046', 1, 6, 1, '2019-08-09 12:43:29', NULL, NULL, NULL, NULL, NULL, NULL),
	(727, 44, 26, '869571047908611', 1, 6, 1, '2019-08-06 17:30:43', 'sqm23458', '2019-08-06 17:30:43', 8, NULL, '2019-08-06 17:30:43', NULL),
	(728, 47, 24, '866191041730938', 1, 6, 1, '2019-08-09 12:43:29', NULL, NULL, NULL, NULL, NULL, NULL),
	(729, 47, 24, '866191043785427', 1, 6, 1, '2019-08-09 12:43:29', NULL, NULL, NULL, NULL, NULL, NULL),
	(730, 45, 29, '868091042446567', 1, 6, 1, '2019-08-09 12:43:29', NULL, NULL, NULL, NULL, NULL, NULL),
	(731, 46, 21, '862222040269901', 1, 6, 1, '2019-08-04 16:09:49', 'sqm23406', '2019-08-04 16:09:49', 8, NULL, '2019-08-04 16:09:49', NULL),
	(732, 44, 26, '869571045637741', 1, 6, 1, '2019-08-09 12:43:29', NULL, NULL, NULL, NULL, NULL, NULL),
	(733, 27, 1, '358972106967852', 1, 6, 1, '2019-08-09 12:43:29', NULL, NULL, NULL, NULL, NULL, NULL),
	(734, 28, 3, '358358100078518', 1, 6, 1, '2019-08-07 18:20:42', 'SQM23492', '2019-08-07 18:23:41', 8, NULL, '2019-08-07 18:23:41', NULL),
	(735, 106, 5, '357192108058318', 1, 6, 1, '2019-08-09 12:43:29', NULL, NULL, NULL, NULL, NULL, NULL),
	(736, 30, 8, '355922101055016', 1, 6, 1, '2019-08-09 12:43:29', NULL, NULL, NULL, NULL, NULL, NULL),
	(737, 39, 103, '868084049525939', 1, 6, 1, '2019-08-04 15:43:02', 'SQM23403', '2019-08-04 15:43:02', 8, NULL, '2019-08-04 15:43:02', NULL),
	(738, 39, 103, '868084047343590', 1, 6, 1, '2019-08-08 14:02:58', 'sqm23517', '2019-08-08 14:03:27', 8, NULL, '2019-08-08 14:03:27', NULL),
	(739, 174, 13, '352231100739635', 1, 6, 1, '2019-08-09 12:43:29', NULL, NULL, NULL, NULL, NULL, NULL),
	(740, 42, 166, '865841043426973', 1, 6, 1, '2019-08-09 12:43:29', NULL, NULL, NULL, NULL, NULL, NULL),
	(741, 200, 115, '865841048706155', 1, 6, 1, '2019-08-03 14:03:20', 'sqm23363', '2019-08-03 14:03:20', 8, NULL, '2019-08-03 14:03:20', NULL),
	(742, 39, 103, '868084049525574', 1, 6, 1, '2019-08-08 14:04:59', 'sqm23514', '2019-08-08 14:05:13', 8, NULL, '2019-08-08 14:05:13', NULL),
	(743, 201, 116, '869336043436516', 1, 6, 1, '2019-08-09 12:43:29', NULL, NULL, NULL, NULL, NULL, NULL),
	(744, 135, 117, '867455048911570', 1, 6, 1, '2019-08-07 18:21:48', 'SQM23477', '2019-08-07 18:22:17', 8, NULL, '2019-08-07 18:22:17', NULL),
	(745, 202, 177, '862162045873051', 1, 6, 1, '2019-08-09 12:43:29', NULL, NULL, NULL, NULL, NULL, NULL),
	(746, 202, 177, '862162046948613', 1, 6, 1, '2019-08-09 12:43:29', NULL, NULL, NULL, NULL, NULL, NULL),
	(747, 100, 87, '860389046859217', 1, 6, 1, '2019-08-09 12:43:29', NULL, NULL, NULL, NULL, NULL, NULL),
	(748, 100, 87, '860389046888869', 1, 6, 1, '2019-08-09 12:43:29', NULL, NULL, NULL, NULL, NULL, NULL),
	(749, 205, 88, '865179049907096', 1, 6, 1, '2019-08-09 12:43:29', NULL, NULL, NULL, NULL, NULL, NULL),
	(750, 184, 69, '867056047965078', 1, 6, 1, '2019-08-09 12:43:29', NULL, NULL, NULL, NULL, NULL, NULL),
	(751, 184, 69, '862537048221079', 1, 6, 1, '2019-08-09 12:43:29', NULL, NULL, NULL, NULL, NULL, NULL),
	(752, 101, 92, '866300047003519', 1, 6, 1, '2019-08-09 12:43:29', NULL, NULL, NULL, NULL, NULL, NULL),
	(753, 61, 169, '868609044284361', 1, 6, 1, '2019-08-09 12:43:29', NULL, NULL, NULL, NULL, NULL, NULL),
	(754, 14, 159, '911642453402700', 1, 6, 1, '2019-08-09 12:43:29', NULL, NULL, NULL, NULL, NULL, NULL),
	(755, 14, 159, '911642453400183', 1, 6, 1, '2019-08-09 12:43:29', NULL, NULL, NULL, NULL, NULL, NULL),
	(756, 15, 162, '911623003053169', 1, 6, 1, '2019-08-09 12:43:29', NULL, NULL, NULL, NULL, NULL, NULL),
	(757, 108, 161, '911636503379694', 1, 6, 1, '2019-08-09 12:43:29', NULL, NULL, NULL, NULL, NULL, NULL),
	(758, 206, 96, '869484033124666', 1, 6, 1, '2019-08-09 12:43:29', NULL, NULL, NULL, NULL, NULL, NULL),
	(759, 132, 172, '352204103131944', 1, 6, 1, '2019-08-09 12:43:29', NULL, NULL, NULL, NULL, NULL, NULL),
	(760, 130, 31, '860720046095990', 1, 6, 1, '2019-08-09 12:43:29', NULL, NULL, NULL, NULL, NULL, NULL),
	(761, 121, 170, '866904041981230', 1, 6, 1, '2019-08-09 12:43:29', NULL, NULL, NULL, NULL, NULL, NULL),
	(762, 207, 43, '869216047855178', 1, 6, 1, '2019-08-09 12:43:29', NULL, NULL, NULL, NULL, NULL, NULL),
	(763, 23, 9, '353573109022656', 1, 6, 1, '2019-08-09 12:43:29', NULL, NULL, NULL, NULL, NULL, NULL),
	(764, 24, 10, '358082104254764', 1, 5, 1, '2019-08-09 12:43:29', NULL, NULL, NULL, NULL, NULL, NULL),
	(765, 24, 10, '358082102477904', 1, 6, 1, '2019-08-09 12:43:29', NULL, NULL, NULL, NULL, NULL, NULL),
	(766, 25, 17, '356216101819698', 1, 6, 1, '2019-08-09 12:43:29', NULL, NULL, NULL, NULL, NULL, NULL),
	(767, 25, 17, '356216101166678', 1, 6, 1, '2019-08-09 12:43:29', NULL, NULL, NULL, NULL, NULL, NULL),
	(768, 25, 17, '356216101326710', 1, 6, 1, '2019-08-09 12:43:29', NULL, NULL, NULL, NULL, NULL, NULL),
	(769, 19, 55, '359023096457899', 1, 6, 1, '2019-08-09 12:43:29', NULL, NULL, NULL, NULL, NULL, NULL),
	(770, 19, 55, '359023096302863', 1, 6, 1, '2019-08-09 12:43:29', NULL, NULL, NULL, NULL, NULL, NULL),
	(771, 19, 55, '359023096452585', 1, 6, 1, '2019-08-09 12:43:29', NULL, NULL, NULL, NULL, NULL, NULL),
	(772, 19, 55, '359023096457915', 1, 6, 1, '2019-08-09 12:43:29', NULL, NULL, NULL, NULL, NULL, NULL),
	(773, 19, 55, '359023092563666', 1, 6, 1, '2019-08-09 12:43:29', NULL, NULL, NULL, NULL, NULL, NULL),
	(774, 19, 55, '359023096302913', 1, 6, 1, '2019-08-09 12:43:29', NULL, NULL, NULL, NULL, NULL, NULL),
	(775, 19, 55, '359023&96048331', 1, 6, 1, '2019-08-09 12:43:29', NULL, NULL, NULL, NULL, NULL, NULL),
	(776, 19, 55, '359023096457717', 1, 6, 1, '2019-08-09 12:43:29', NULL, NULL, NULL, NULL, NULL, NULL),
	(777, 19, 55, '359023096078596', 1, 6, 1, '2019-08-09 12:43:29', NULL, NULL, NULL, NULL, NULL, NULL),
	(778, 19, 55, '359023096078554', 1, 6, 1, '2019-08-09 12:43:29', NULL, NULL, NULL, NULL, NULL, NULL),
	(779, 19, 55, '359023096075873', 1, 6, 1, '2019-08-09 12:43:29', NULL, NULL, NULL, NULL, NULL, NULL),
	(780, 19, 55, '359023096302897', 1, 6, 1, '2019-08-09 12:43:29', NULL, NULL, NULL, NULL, NULL, NULL),
	(781, 127, 56, '359024098806695', 1, 6, 1, '2019-08-03 10:46:06', 'sqm23356', '2019-08-03 10:46:06', 8, NULL, '2019-08-03 10:46:06', NULL),
	(782, 18, 54, '354184104963396', 1, 6, 1, '2019-08-09 12:43:29', NULL, NULL, NULL, NULL, NULL, NULL),
	(783, 18, 54, '354182105206187', 1, 6, 1, '2019-08-09 12:43:29', NULL, NULL, NULL, NULL, NULL, NULL),
	(784, 18, 54, '354182105204141', 1, 6, 1, '2019-08-09 12:43:29', NULL, NULL, NULL, NULL, NULL, NULL),
	(785, 18, 54, '354182104787674', 1, 6, 1, '2019-08-09 12:43:29', NULL, NULL, NULL, NULL, NULL, NULL),
	(786, 18, 54, '354182105204463', 1, 6, 1, '2019-08-09 12:43:29', NULL, NULL, NULL, NULL, NULL, NULL),
	(787, 18, 54, '354182105168197', 1, 6, 1, '2019-08-09 12:43:29', NULL, NULL, NULL, NULL, NULL, NULL),
	(788, 18, 54, '354184104962653', 1, 6, 1, '2019-08-09 12:43:29', NULL, NULL, NULL, NULL, NULL, NULL),
	(789, 51, 93, '861290040137866', 1, 6, 1, '2019-08-09 12:43:29', NULL, NULL, NULL, NULL, NULL, NULL),
	(790, 208, 178, '864428043076734', 1, 4, 1, '2019-08-03 14:41:44', 'SQM23365', '2019-08-03 14:41:44', 13, NULL, '2019-08-03 14:41:44', NULL),
	(791, 209, 178, '864428043263894', 1, 3, 1, NULL, NULL, NULL, NULL, NULL, NULL, NULL),
	(792, 210, 179, '865294040857610', 1, 3, 1, '2019-08-06 11:13:00', 'sqm23409', '2019-08-06 11:13:00', 12, NULL, '2019-08-06 11:13:00', NULL),
	(793, 211, 178, '864428043675451', 1, 2, 1, '2019-08-06 08:30:26', 'SQM23435', '2019-08-06 08:30:26', 7, NULL, '2019-08-06 08:30:26', NULL),
	(794, 211, 178, '864428043683554', 1, 8, 1, NULL, NULL, NULL, NULL, NULL, NULL, NULL),
	(795, 211, 178, '864428043692779', 1, 6, 1, NULL, NULL, NULL, NULL, NULL, NULL, NULL),
	(796, 211, 178, '864428043693215', 1, 2, 1, NULL, NULL, NULL, NULL, NULL, NULL, NULL),
	(797, 212, 177, '865294040828090', 1, 5, 1, '2019-08-04 18:11:49', 'sqm23399', '2019-08-04 18:11:49', 11, NULL, '2019-08-04 18:11:49', NULL),
	(798, 213, 174, '863521047643417', 1, 7, 1, NULL, NULL, NULL, NULL, NULL, NULL, NULL),
	(799, 213, 174, '863521047654695', 1, 6, 1, NULL, NULL, NULL, NULL, NULL, NULL, NULL),
	(800, 213, 174, '863521047654752', 1, 3, 1, NULL, NULL, NULL, NULL, NULL, NULL, NULL),
	(801, 213, 174, '863521047647434', 1, 2, 1, '2019-08-04 15:47:54', 'SQM23405', '2019-08-04 15:47:54', 7, NULL, '2019-08-04 15:47:54', NULL),
	(802, 213, 174, '863521047640074', 1, 3, 1, NULL, NULL, NULL, NULL, NULL, NULL, NULL),
	(803, 213, 174, '863521047623559', 1, 7, 1, NULL, NULL, NULL, NULL, NULL, NULL, NULL),
	(804, 214, 29, '868091042495556', 1, 3, 1, '2019-08-07 12:42:48', 'SQM23456', '2019-08-07 12:49:42', 12, NULL, '2019-08-07 12:49:42', NULL),
	(805, 214, 29, '868091044083434', 1, 7, 1, NULL, NULL, NULL, NULL, NULL, NULL, NULL),
	(806, 215, 24, '866191041086935', 1, 8, 1, NULL, NULL, NULL, NULL, NULL, NULL, NULL),
	(807, 215, 24, '866191041110453', 1, 3, 1, NULL, NULL, NULL, NULL, NULL, NULL, NULL),
	(808, 216, 30, '862864047799875', 1, 7, 1, NULL, NULL, NULL, NULL, NULL, NULL, NULL),
	(809, 216, 30, '862864046935058', 1, 6, 1, '2019-08-06 14:46:11', 'sqm23447', '2019-08-06 14:46:11', 8, NULL, '2019-08-06 14:46:11', NULL),
	(810, 216, 30, '862864047797457', 1, 6, 1, NULL, NULL, NULL, NULL, NULL, NULL, NULL),
	(811, 217, 174, '863521047628897', 1, 4, 1, NULL, NULL, NULL, NULL, NULL, NULL, NULL),
	(812, 217, 174, '863521047702031', 1, 2, 1, NULL, NULL, NULL, NULL, NULL, NULL, NULL),
	(813, 217, 174, '863521047629093', 1, 4, 1, NULL, NULL, NULL, NULL, NULL, NULL, NULL),
	(814, 217, 174, '863521047685814', 1, 8, 1, NULL, NULL, NULL, NULL, NULL, NULL, NULL),
	(815, 217, 174, '863521047621272', 1, 8, 1, NULL, NULL, NULL, NULL, NULL, NULL, NULL),
	(816, 218, 26, '869571041299413', 1, 3, 1, NULL, NULL, NULL, NULL, NULL, NULL, NULL),
	(817, 218, 26, '869571043694975', 1, 3, 1, NULL, NULL, NULL, NULL, NULL, NULL, NULL),
	(818, 219, 30, '868326044655033', 1, 7, 1, NULL, NULL, NULL, NULL, NULL, NULL, NULL),
	(819, 219, 30, '862864046324071', 1, 4, 1, NULL, NULL, NULL, NULL, NULL, NULL, NULL),
	(820, 220, 19, '866745044967373', 1, 3, 1, NULL, NULL, NULL, NULL, NULL, '2019-08-08 09:35:28', NULL),
	(821, 220, 19, '866745044968231', 1, 3, 1, NULL, NULL, NULL, NULL, NULL, '2019-08-07 18:36:46', NULL),
	(822, 221, 29, '868091041687336', 1, 2, 1, NULL, NULL, NULL, NULL, NULL, NULL, NULL),
	(823, 221, 29, '868091041141375', 1, 6, 1, NULL, NULL, NULL, NULL, NULL, NULL, NULL),
	(824, 222, 174, '863521046350550', 1, 5, 1, NULL, NULL, NULL, NULL, NULL, NULL, NULL),
	(825, 222, 174, '863521047647376', 1, 6, 1, '2019-08-08 14:00:33', 'sqm23518', '2019-08-08 14:02:09', 8, NULL, '2019-08-08 14:02:09', NULL),
	(826, 223, 30, '868326042102590', 1, 6, 1, NULL, NULL, NULL, NULL, NULL, NULL, NULL),
	(827, 223, 30, '862864045743792', 1, 5, 1, NULL, NULL, NULL, NULL, NULL, NULL, NULL),
	(828, 224, 24, '866985046964412', 1, 5, 1, NULL, NULL, NULL, NULL, NULL, NULL, NULL),
	(829, 224, 24, '866985045241796', 1, 7, 1, NULL, NULL, NULL, NULL, NULL, NULL, NULL),
	(830, 225, 21, '869453046106093', 1, 8, 1, NULL, NULL, NULL, NULL, NULL, NULL, NULL),
	(831, 225, 21, '869453046274156', 1, 5, 1, NULL, NULL, NULL, NULL, NULL, NULL, NULL),
	(832, 225, 21, '869453046283033', 1, 6, 1, NULL, NULL, NULL, NULL, NULL, NULL, NULL),
	(833, 225, 21, '869453046113750', 1, 7, 1, NULL, NULL, NULL, NULL, NULL, NULL, NULL),
	(834, 226, 111, '869391047096832', 1, 3, 1, '2019-08-07 14:49:15', NULL, NULL, NULL, NULL, NULL, NULL),
	(835, 227, 20, '860508049798094', 1, 3, 1, '2019-08-07 15:29:40', NULL, NULL, NULL, NULL, NULL, NULL),
	(836, 228, 181, '869950048443051', 1, 7, 1, NULL, NULL, NULL, NULL, NULL, '2019-08-07 16:24:43', NULL),
	(837, 228, 181, '869950048445551', 1, 3, 1, '2019-08-07 16:22:18', NULL, NULL, NULL, NULL, NULL, NULL),
	(838, 228, 181, '869950049821271', 1, 6, 1, '2019-08-07 16:22:18', NULL, NULL, NULL, NULL, NULL, NULL),
	(839, 228, 181, '869950049820190', 1, 4, 1, '2019-08-07 16:22:18', NULL, NULL, NULL, NULL, NULL, NULL),
	(840, 229, 107, '869391047098259', 1, 8, 1, '2019-08-07 18:15:28', NULL, NULL, NULL, NULL, NULL, NULL),
	(841, 229, 107, '869391047098556', 1, 2, 1, '2019-08-07 18:15:28', NULL, NULL, NULL, NULL, NULL, NULL),
	(842, 229, 107, '869391047098374', 1, 4, 1, '2019-08-07 18:15:28', NULL, NULL, NULL, NULL, NULL, NULL),
	(843, 229, 107, '869391047099331', 1, 6, 1, '2019-08-07 18:15:28', NULL, NULL, NULL, NULL, NULL, NULL),
	(844, 229, 107, '869391047064657', 1, 7, 1, '2019-08-07 18:15:28', NULL, NULL, NULL, NULL, NULL, NULL),
	(845, 230, 181, '869950049827112', 1, 3, 1, '2019-08-08 18:16:14', NULL, NULL, NULL, NULL, NULL, NULL),
	(846, 230, 181, '869950048454470', 1, 7, 1, '2019-08-08 18:16:14', NULL, NULL, NULL, NULL, NULL, NULL),
	(847, 231, 103, '864229043307313', 1, 5, 1, '2019-08-08 18:19:54', NULL, NULL, NULL, NULL, NULL, NULL),
	(848, 231, 103, '864229043306877', 1, 5, 1, '2019-08-08 18:19:54', NULL, NULL, NULL, NULL, NULL, NULL),
	(849, 231, 103, '864229043310218', 1, 4, 1, '2019-08-08 18:19:54', NULL, NULL, NULL, NULL, NULL, NULL),
	(850, 231, 103, '864229043305333', 1, 4, 1, '2019-08-08 18:19:54', NULL, NULL, NULL, NULL, NULL, NULL),
	(851, 231, 103, '864229043327337', 1, 4, 1, '2019-08-08 18:19:54', NULL, NULL, NULL, NULL, NULL, NULL),
	(852, 231, 103, '864229043308774', 1, 4, 1, '2019-08-08 18:19:54', NULL, NULL, NULL, NULL, NULL, NULL),
	(853, 231, 103, '864229043310176', 1, 2, 1, '2019-08-08 18:19:54', NULL, NULL, NULL, NULL, NULL, NULL),
	(854, 231, 103, '864229043309319', 1, 2, 1, '2019-08-08 18:19:54', NULL, NULL, NULL, NULL, NULL, NULL),
	(855, 231, 103, '864229043309475', 1, 2, 1, '2019-08-08 18:19:54', NULL, NULL, NULL, NULL, NULL, NULL),
	(856, 231, 103, '864229043310150', 1, 2, 1, '2019-08-08 18:19:54', NULL, NULL, NULL, NULL, NULL, NULL),
	(857, 231, 103, '864229043311539', 1, 3, 1, '2019-08-08 18:19:54', NULL, NULL, NULL, NULL, NULL, NULL),
	(858, 231, 103, '864229043312495', 1, 3, 1, '2019-08-08 18:19:54', NULL, NULL, NULL, NULL, NULL, NULL),
	(859, 231, 103, '864229043311232', 1, 3, 1, '2019-08-08 18:19:54', NULL, NULL, NULL, NULL, NULL, NULL),
	(860, 231, 103, '864229043311653', 1, 6, 1, '2019-08-08 18:19:54', NULL, NULL, NULL, NULL, NULL, NULL),
	(861, 231, 103, '864229043323799', 1, 6, 1, '2019-08-08 18:19:54', NULL, NULL, NULL, NULL, NULL, NULL),
	(862, 231, 103, '864229043320357', 1, 6, 1, '2019-08-08 18:19:54', NULL, NULL, NULL, NULL, NULL, NULL),
	(863, 231, 103, '864229043312412', 1, 6, 1, '2019-08-08 18:19:54', NULL, NULL, NULL, NULL, NULL, NULL),
	(864, 231, 103, '864229043325976', 1, 7, 1, '2019-08-08 18:19:54', NULL, NULL, NULL, NULL, NULL, NULL),
	(865, 231, 103, '864229043328376', 1, 7, 1, '2019-08-08 18:19:54', NULL, NULL, NULL, NULL, NULL, NULL),
	(866, 231, 103, '864229043307255', 1, 7, 1, '2019-08-08 18:19:54', NULL, NULL, NULL, NULL, NULL, NULL),
	(867, 231, 103, '864229043311596', 1, 8, 1, '2019-08-08 18:19:54', NULL, NULL, NULL, NULL, NULL, NULL),
	(868, 231, 103, '864229043312594', 1, 8, 1, '2019-08-08 18:19:54', NULL, NULL, NULL, NULL, NULL, NULL),
	(869, 231, 103, '864229043328517', 1, 8, 1, '2019-08-08 18:19:54', NULL, NULL, NULL, NULL, NULL, NULL),
	(870, 231, 103, '864229043328616', 1, 8, 1, '2019-08-08 18:19:54', NULL, NULL, NULL, NULL, NULL, NULL),
	(871, 231, 103, '864229043311497', 1, 8, 1, '2019-08-08 18:19:54', NULL, NULL, NULL, NULL, NULL, NULL),
	(872, 27, 1, 'rfgfdg1', 1, 1, NULL, '2019-08-09 15:19:59', NULL, NULL, NULL, '2019-08-09 15:19:59', '2019-08-09 15:19:59', NULL),
	(873, 27, 1, 'rfgfdg11', 1, 5, NULL, '2019-08-09 15:20:33', NULL, NULL, NULL, '2019-08-09 15:20:33', '2019-08-09 15:20:33', NULL);
/*!40000 ALTER TABLE `inventory_product_details` ENABLE KEYS */;

-- Dumping structure for table sqindia.inventory_product_detail_txn_histories
DROP TABLE IF EXISTS `inventory_product_detail_txn_histories`;
CREATE TABLE IF NOT EXISTS `inventory_product_detail_txn_histories` (
  `id` bigint(20) unsigned NOT NULL AUTO_INCREMENT,
  `inventory_product_detail_id` int(11) NOT NULL,
  `txn_details` text,
  `txn_by` int(11) DEFAULT NULL,
  `created_at` timestamp NULL DEFAULT NULL,
  PRIMARY KEY (`id`),
  KEY `inv_prt_detail_id_foreign` (`inventory_product_detail_id`),
  KEY `inventory_product_detail_txn_histories_txn_by_foreign` (`txn_by`)
) ENGINE=MyISAM AUTO_INCREMENT=6 DEFAULT CHARSET=utf8;

-- Dumping data for table sqindia.inventory_product_detail_txn_histories: 0 rows
/*!40000 ALTER TABLE `inventory_product_detail_txn_histories` DISABLE KEYS */;
REPLACE INTO `inventory_product_detail_txn_histories` (`id`, `inventory_product_detail_id`, `txn_details`, `txn_by`, `created_at`) VALUES
	(1, 4, 'stock transferred to GUD2-Lenovo Guduvancherry from GUD1-Guduvancherry by Admin', 1, '2019-08-09 14:52:14'),
	(2, 4, 'stock transferred to GUD1-Guduvancherry from GUD2-Lenovo Guduvancherry by Admin', 1, '2019-08-09 15:06:09'),
	(3, 5, 'stock transferred to GUD3-Mi Guduvancherry from GUD1-Guduvancherry by Admin', 1, '2019-08-09 15:09:47'),
	(4, 872, 'stock added to WareHouse-Guduvancherry by Ashiq', 12, '2019-08-09 15:19:59'),
	(5, 873, 'stock added to UPK-Urapakkam by Ashiq', 12, '2019-08-09 15:20:33');
/*!40000 ALTER TABLE `inventory_product_detail_txn_histories` ENABLE KEYS */;

-- Dumping structure for table sqindia.migrations
DROP TABLE IF EXISTS `migrations`;
CREATE TABLE IF NOT EXISTS `migrations` (
  `id` int(10) unsigned NOT NULL AUTO_INCREMENT,
  `migration` varchar(191) NOT NULL,
  `batch` int(11) NOT NULL,
  PRIMARY KEY (`id`)
) ENGINE=MyISAM AUTO_INCREMENT=10 DEFAULT CHARSET=utf8;

-- Dumping data for table sqindia.migrations: 9 rows
/*!40000 ALTER TABLE `migrations` DISABLE KEYS */;
REPLACE INTO `migrations` (`id`, `migration`, `batch`) VALUES
	(1, '2014_10_12_000000_create_users_table', 1),
	(2, '2019_07_12_131532_create_suppliers_table', 1),
	(3, '2019_07_12_131820_create_brands_table', 1),
	(4, '2019_07_12_131830_create_products_table', 1),
	(5, '2019_07_12_131907_create_branches_table', 1),
	(6, '2019_07_13_064222_create_inventories_table', 1),
	(7, '2019_07_13_114005_create_inventory_products_table', 1),
	(8, '2019_07_13_114102_create_inventory_product_details_table', 1),
	(9, '2019_07_15_092722_create_inventory_product_detail_txn_histories_table', 1);
/*!40000 ALTER TABLE `migrations` ENABLE KEYS */;

-- Dumping structure for table sqindia.products
DROP TABLE IF EXISTS `products`;
CREATE TABLE IF NOT EXISTS `products` (
  `id` bigint(20) unsigned NOT NULL AUTO_INCREMENT,
  `product_name` varchar(191) NOT NULL,
  `brand_id` int(11) NOT NULL,
  `created_at` timestamp NULL DEFAULT NULL,
  `updated_at` timestamp NULL DEFAULT NULL,
  `deleted_at` timestamp NULL DEFAULT NULL,
  PRIMARY KEY (`id`),
  KEY `products_brand_id_foreign` (`brand_id`)
) ENGINE=MyISAM AUTO_INCREMENT=182 DEFAULT CHARSET=utf8;

-- Dumping data for table sqindia.products: 179 rows
/*!40000 ALTER TABLE `products` DISABLE KEYS */;
REPLACE INTO `products` (`id`, `product_name`, `brand_id`, `created_at`, `updated_at`, `deleted_at`) VALUES
	(1, 'A10', 1, '2019-07-22 11:05:15', '2019-07-22 11:05:15', NULL),
	(2, 'A2 CORE 1GB/16GB', 1, '2019-07-22 11:05:33', '2019-07-22 11:05:33', NULL),
	(3, 'A20', 1, '2019-07-22 11:05:41', '2019-07-22 11:05:41', NULL),
	(4, 'A30 4GB/64GB', 1, '2019-07-22 11:05:57', '2019-07-22 11:05:57', NULL),
	(5, 'A50 4GB/64GB', 1, '2019-07-22 11:06:18', '2019-07-22 11:06:18', NULL),
	(6, 'A50 6GB/64GB', 1, '2019-07-22 11:06:50', '2019-07-22 11:06:50', NULL),
	(7, 'A7 4GB 64GB', 1, '2019-07-22 11:07:13', '2019-07-22 11:07:13', NULL),
	(8, 'A70', 1, '2019-07-22 11:07:23', '2019-07-22 11:07:23', NULL),
	(9, 'GURU FM+', 1, '2019-07-22 11:07:42', '2019-07-22 11:07:42', NULL),
	(10, 'GURU Music 2', 1, '2019-07-22 11:07:52', '2019-07-22 11:07:52', NULL),
	(11, 'GURU 1200', 1, '2019-07-22 11:08:04', '2019-07-22 11:08:04', NULL),
	(12, 'J2 Core', 1, '2019-07-22 11:08:14', '2019-07-22 11:08:14', NULL),
	(13, 'J2[2018]', 1, '2019-07-22 11:08:26', '2019-07-22 11:08:26', NULL),
	(14, 'J6 4GB/64GB', 1, '2019-07-22 11:08:57', '2019-07-22 11:08:57', NULL),
	(15, 'J6 3GB/32GB', 1, '2019-07-22 11:09:11', '2019-07-22 11:09:11', NULL),
	(16, 'J6 PLUS', 1, '2019-07-22 11:09:27', '2019-07-22 11:09:27', NULL),
	(17, 'METRO SM-B313', 1, '2019-07-22 11:09:42', '2019-07-22 11:09:42', NULL),
	(18, 'METRO SM-B350', 1, '2019-07-22 11:09:57', '2019-07-22 11:09:57', NULL),
	(19, 'V15 6/64', 2, '2019-07-22 11:11:59', '2019-07-22 11:11:59', NULL),
	(20, 'V15 PRO 6/128 GB', 2, '2019-07-22 11:12:28', '2019-07-22 11:12:28', NULL),
	(21, 'Y12 3/64GB', 2, '2019-07-22 11:12:41', '2019-07-22 11:12:41', NULL),
	(22, 'V11', 2, '2019-07-22 11:12:47', '2019-07-22 11:12:47', NULL),
	(23, 'Y12 4/32 GB', 2, '2019-07-22 11:13:11', '2019-07-22 11:13:11', NULL),
	(24, 'Y15 4/6 GB', 2, '2019-07-22 11:13:32', '2019-07-22 11:13:32', NULL),
	(25, 'Y91i 6GB', 2, '2019-07-22 11:14:02', '2019-07-22 11:14:02', NULL),
	(26, 'Y91i 32GB', 2, '2019-07-22 11:14:13', '2019-07-22 11:14:13', NULL),
	(27, 'Y93 [3+64]', 2, '2019-07-22 11:15:12', '2019-07-22 11:15:12', NULL),
	(28, 'Y93 [4+32]', 2, '2019-07-22 11:15:30', '2019-07-22 11:15:30', NULL),
	(29, 'Y17 4/128 GB', 2, '2019-07-22 11:15:55', '2019-07-22 11:15:55', NULL),
	(30, 'Y91 3/32 GB', 2, '2019-07-22 11:16:09', '2019-07-22 11:16:09', NULL),
	(31, 'A1K 2/32GB', 5, '2019-07-22 11:17:20', '2019-07-22 11:17:20', NULL),
	(32, 'A83 3GB', 5, '2019-07-22 11:17:34', '2019-07-22 11:17:34', NULL),
	(33, 'A83 4GB', 5, '2019-07-22 11:17:49', '2019-07-22 11:17:49', NULL),
	(34, 'A83 2GB', 5, '2019-07-22 11:18:20', '2019-07-22 11:18:20', NULL),
	(35, '1201', 5, '2019-07-22 11:18:45', '2019-07-22 11:18:45', NULL),
	(36, 'A33F', 5, '2019-07-22 11:18:57', '2019-07-22 11:18:57', NULL),
	(37, 'A37', 5, '2019-07-22 11:19:05', '2019-07-22 11:19:05', NULL),
	(38, 'A3S 2GB', 5, '2019-07-22 11:19:28', '2019-07-22 11:19:28', NULL),
	(39, 'A3S 3GB', 5, '2019-07-22 11:19:42', '2019-07-22 11:19:42', NULL),
	(40, 'A5 4/32GB', 5, '2019-07-22 11:20:05', '2019-07-22 11:20:05', NULL),
	(41, 'A5 4/64GB', 5, '2019-07-22 11:20:19', '2019-07-22 11:20:19', NULL),
	(42, 'A5S 4/64', 5, '2019-07-22 11:20:45', '2019-07-22 11:20:45', NULL),
	(43, 'A5S 2/32GB', 5, '2019-07-22 11:21:18', '2019-07-22 11:21:18', NULL),
	(44, 'A5S 3/32GB', 5, '2019-07-22 11:21:44', '2019-07-22 11:21:44', NULL),
	(45, 'A7 4/64GB', 5, '2019-07-22 11:22:04', '2019-07-22 11:22:04', NULL),
	(46, 'A7 3/64GB', 5, '2019-07-22 11:22:21', '2019-07-22 11:22:21', NULL),
	(47, 'A71 3/16GB', 5, '2019-07-22 11:22:37', '2019-07-22 11:22:37', NULL),
	(48, 'F11 4/128GB', 5, '2019-07-22 11:22:50', '2019-07-22 11:22:50', NULL),
	(49, 'F11 PRO 6GB', 5, '2019-07-22 11:23:04', '2019-07-22 11:23:04', NULL),
	(50, '3.2 3/32GB', 9, '2019-07-22 11:24:46', '2019-07-22 11:24:46', NULL),
	(51, '4.2 3/32GB', 9, '2019-07-22 11:24:58', '2019-07-22 11:24:58', NULL),
	(52, '1 1/8GB', 9, '2019-07-22 11:25:18', '2019-07-22 11:25:18', NULL),
	(53, '105 DS RM 11345[NEW]', 9, '2019-07-22 11:26:00', '2019-07-22 11:26:00', NULL),
	(54, '106 DS', 9, '2019-07-22 11:26:13', '2019-07-22 11:26:13', NULL),
	(55, '130 DS RM NEW', 9, '2019-07-22 11:26:39', '2019-07-22 11:26:39', NULL),
	(56, '150 DS RM 1190', 9, '2019-07-22 11:27:07', '2019-07-22 11:27:07', NULL),
	(57, '2.1', 9, '2019-07-22 11:27:13', '2019-07-22 11:27:13', NULL),
	(58, '2.2 2/16GB', 9, '2019-07-22 11:27:30', '2019-07-22 11:27:30', NULL),
	(59, '2.2 3/32GB', 9, '2019-07-22 11:27:41', '2019-07-22 11:27:41', NULL),
	(60, '216 DS RM-1187', 9, '2019-07-22 11:27:58', '2019-07-22 11:27:58', NULL),
	(61, 'D105 SSRM 1134[NEW]', 9, '2019-07-22 11:28:17', '2019-07-22 11:28:17', NULL),
	(62, 'NOTE 6 PRO 6/64GB', 4, '2019-07-22 11:45:56', '2019-07-22 11:45:56', NULL),
	(63, 'NOTE 6 PRO 4/64GB', 4, '2019-07-22 11:46:06', '2019-07-22 11:46:06', NULL),
	(64, 'POCO F1 [6+128]', 4, '2019-07-22 11:46:48', '2019-07-22 11:46:48', NULL),
	(65, 'POCO F1 [8+128]', 4, '2019-07-22 11:47:05', '2019-07-22 11:47:05', NULL),
	(66, 'POCO F1 [6+64]', 4, '2019-07-22 11:47:20', '2019-07-22 11:47:20', NULL),
	(67, '5 [4+64GB]', 4, '2019-07-22 11:48:04', '2019-07-22 11:48:04', NULL),
	(68, '6 [3+32GB]', 4, '2019-07-22 11:48:26', '2019-07-22 11:48:26', NULL),
	(69, '6 [3+64GB]', 4, '2019-07-22 11:48:52', '2019-07-22 11:48:52', NULL),
	(70, '6A [2+16]', 4, '2019-07-22 11:49:15', '2019-07-22 11:49:15', NULL),
	(71, '6A[2+32GB]', 4, '2019-07-22 11:50:01', '2019-07-22 11:50:01', NULL),
	(72, '7[2+32GB]', 4, '2019-07-22 11:50:11', '2019-07-22 11:50:11', NULL),
	(73, '7[3+32GB]', 4, '2019-07-22 11:50:25', '2019-07-22 11:50:25', NULL),
	(74, 'A1 [4+64]', 4, '2019-07-22 11:50:43', '2019-07-22 11:50:43', NULL),
	(75, 'A2 6/128', 4, '2019-07-22 11:51:19', '2019-07-22 11:51:19', NULL),
	(76, 'A2 4/64', 4, '2019-07-22 11:51:44', '2019-07-22 11:51:44', NULL),
	(77, 'GO [1+8]', 4, '2019-07-22 11:52:02', '2019-07-22 11:52:02', NULL),
	(78, 'MIX 2[6+128]', 4, '2019-07-22 11:52:33', '2019-07-22 11:52:33', NULL),
	(79, 'NOTE 5 [3+32}', 4, '2019-07-22 11:52:57', '2019-07-22 11:52:57', NULL),
	(80, 'NOTE 5 PRO [4+64]', 4, '2019-07-22 11:53:36', '2019-07-22 11:53:36', NULL),
	(81, 'NOTE 5 PRO 6GB', 4, '2019-07-22 11:54:28', '2019-07-22 11:54:28', NULL),
	(82, 'NOTE 6 PRO [3/32]', 4, '2019-07-22 11:54:44', '2019-07-22 11:54:44', NULL),
	(83, 'NOTE 7 [3+32]', 4, '2019-07-22 11:56:26', '2019-07-22 11:56:26', NULL),
	(84, 'NOTE 7 [4+64]', 4, '2019-07-22 11:56:45', '2019-07-22 11:56:45', NULL),
	(85, 'NOTE 7 PRO [4+64]', 4, '2019-07-22 11:57:06', '2019-07-22 11:57:06', NULL),
	(86, 'NOTE 7 PRO [6+128]', 4, '2019-07-22 11:57:27', '2019-07-22 11:57:27', NULL),
	(87, 'NOTE 7S[3+32]', 4, '2019-07-22 11:57:40', '2019-07-22 11:57:40', NULL),
	(88, 'NOTE 7S [4+64]', 4, '2019-07-22 11:57:59', '2019-07-22 11:57:59', NULL),
	(89, 'Y2 [3+32]', 4, '2019-07-22 11:58:18', '2019-07-22 11:58:18', NULL),
	(90, 'Y2 [4+64]', 4, '2019-07-22 11:58:33', '2019-07-22 11:58:33', NULL),
	(91, 'Y3 [3+32]', 4, '2019-07-22 11:58:41', '2019-07-22 11:58:41', NULL),
	(92, 'Y3 [4+64]', 4, '2019-07-22 11:58:54', '2019-07-22 11:58:54', NULL),
	(93, '5A', 10, '2019-07-25 03:06:49', '2019-07-25 03:06:49', NULL),
	(94, 'P5L', 13, '2019-07-25 03:07:06', '2019-07-25 03:07:06', NULL),
	(95, '9i', 14, '2019-07-25 03:07:16', '2019-07-25 03:07:16', NULL),
	(96, '9n', 14, '2019-07-25 03:07:30', '2019-07-25 03:07:30', NULL),
	(97, 'Selfie C1', 15, '2019-07-25 03:07:55', '2019-07-25 03:07:55', NULL),
	(98, 'Selfie C2', 15, '2019-07-25 03:08:12', '2019-07-25 03:08:12', NULL),
	(99, 'G1', 16, '2019-07-25 03:08:28', '2019-07-25 03:08:28', NULL),
	(100, 'Style+', 17, '2019-07-25 03:08:50', '2019-07-25 03:08:50', NULL),
	(101, 'X428', 18, '2019-07-25 03:09:11', '2019-07-25 03:09:11', NULL),
	(102, 'E1', 19, '2019-07-25 03:09:27', '2019-07-25 03:09:27', NULL),
	(103, 'C2 2/16GB', 6, '2019-07-25 03:18:19', '2019-07-25 03:18:19', NULL),
	(104, 'U1 4/64GB', 6, '2019-07-25 03:18:35', '2019-07-25 03:18:35', NULL),
	(105, '2 3/32GB', 6, '2019-07-25 03:19:13', '2019-07-25 03:25:48', NULL),
	(106, '2 4/64GB', 6, '2019-07-25 03:19:34', '2019-07-25 03:26:07', NULL),
	(107, '3 3/32GB', 6, '2019-07-25 03:20:13', '2019-07-25 03:33:34', NULL),
	(108, '2 PRO 4/64GB', 6, '2019-07-25 03:31:36', '2019-07-25 03:38:39', NULL),
	(109, '2 PRO 6/64GB', 6, '2019-07-25 03:39:06', '2019-07-25 03:42:55', NULL),
	(110, '2 PRO 8/128GB', 6, '2019-07-25 03:54:09', '2019-07-25 03:54:09', NULL),
	(111, '3 4/64GB', 6, '2019-07-25 04:02:50', '2019-07-25 04:02:50', NULL),
	(112, '3 PRO 6/128GB', 6, '2019-07-25 04:04:45', '2019-07-25 04:04:45', NULL),
	(113, '3 PRO 6/64GB', 6, '2019-07-25 04:05:05', '2019-07-25 04:05:05', NULL),
	(114, 'C1 2/32GB', 6, '2019-07-25 04:05:25', '2019-07-25 04:05:25', NULL),
	(115, 'C2 2/32GB', 6, '2019-07-25 04:05:38', '2019-07-25 04:05:38', NULL),
	(116, 'U1 3/32GB', 6, '2019-07-25 04:05:53', '2019-07-25 04:05:53', NULL),
	(117, 'U1 3/64GB', 6, '2019-07-25 04:06:08', '2019-07-25 04:06:08', NULL),
	(118, '3 3/64GB', 6, '2019-07-25 04:06:27', '2019-07-25 04:06:27', NULL),
	(119, 'ZENFONE MAX PRO M1 6/64', 7, '2019-07-31 06:33:53', '2019-07-31 06:33:53', NULL),
	(120, 'ZENFONE MAX PRO M1 3/32GB', 7, '2019-07-31 06:34:30', '2019-07-31 06:34:30', NULL),
	(121, 'ZENFONE MAX PRO M1 4/64GB', 7, '2019-07-31 06:35:02', '2019-07-31 06:35:02', NULL),
	(122, 'ZENFONE MAX PRO M2 4/64', 7, '2019-07-31 06:35:49', '2019-07-31 06:35:49', NULL),
	(123, 'ZENPAD MAX PRO M2 3/32GB', 7, '2019-07-31 06:36:51', '2019-07-31 06:36:51', NULL),
	(124, 'W11', 21, '2019-07-31 06:43:32', '2019-07-31 06:43:32', NULL),
	(125, 'MI TV 4A PRO 32 Inch', 23, '2019-07-31 09:05:28', '2019-07-31 09:05:28', NULL),
	(126, 'MI TV 4A PRO 49 Inch', 23, '2019-07-31 09:06:00', '2019-07-31 09:06:00', NULL),
	(127, 'MI TV 4A PRO 43 Inch', 23, '2019-07-31 09:06:26', '2019-07-31 09:06:26', NULL),
	(128, 'MI TV 4X PRO 55 [138.8cm]', 23, '2019-07-31 09:07:08', '2019-07-31 09:07:08', NULL),
	(130, '32"', 24, '2019-07-31 09:10:29', '2019-07-31 09:10:29', NULL),
	(131, '43 Inch', 24, '2019-07-31 09:10:52', '2019-07-31 09:10:52', NULL),
	(132, '55 P2MUS', 24, '2019-07-31 09:11:31', '2019-07-31 09:11:31', NULL),
	(133, 'K9 3/32GB', 22, '2019-07-31 09:28:52', '2019-07-31 09:28:52', NULL),
	(134, 'K9 Note 4/64gb', 22, '2019-07-31 09:29:22', '2019-07-31 09:29:22', NULL),
	(135, 'G5', 8, '2019-07-31 09:32:01', '2019-07-31 09:32:01', NULL),
	(136, 'G6 PLAY', 8, '2019-07-31 09:34:56', '2019-07-31 09:34:56', NULL),
	(137, 'G6 PLUS', 8, '2019-07-31 09:35:21', '2019-07-31 09:35:21', NULL),
	(138, 'G6 4GB', 8, '2019-07-31 09:35:49', '2019-07-31 09:35:49', NULL),
	(139, 'G7', 8, '2019-07-31 09:36:14', '2019-07-31 09:36:14', NULL),
	(140, 'G7 Power', 8, '2019-07-31 09:36:26', '2019-07-31 09:36:26', NULL),
	(141, 'E5', 8, '2019-07-31 09:36:47', '2019-07-31 09:36:47', NULL),
	(142, 'A5', 8, '2019-07-31 09:36:58', '2019-07-31 09:36:58', NULL),
	(143, 'One', 8, '2019-07-31 09:37:32', '2019-07-31 09:37:32', NULL),
	(144, 'A1', 3, '2019-07-31 09:41:22', '2019-07-31 09:41:22', NULL),
	(145, 'A7', 3, '2019-07-31 09:41:30', '2019-07-31 09:41:30', NULL),
	(146, 'ONE', 3, '2019-07-31 09:41:39', '2019-07-31 09:41:39', NULL),
	(147, 'GEM', 3, '2019-07-31 09:41:49', '2019-07-31 09:41:49', NULL),
	(148, 'SPARK 18', 3, '2019-07-31 09:42:03', '2019-07-31 09:42:03', NULL),
	(149, 'A1 JOSH', 3, '2019-07-31 09:42:54', '2019-07-31 09:42:54', NULL),
	(150, '34 SUPER', 3, '2019-07-31 09:43:03', '2019-07-31 09:43:03', NULL),
	(151, 'CAPTAIN 9S', 3, '2019-07-31 09:43:18', '2019-07-31 09:43:18', NULL),
	(152, 'PRIME Z', 3, '2019-07-31 09:43:39', '2019-07-31 09:43:39', NULL),
	(153, 'PRIME', 3, '2019-07-31 09:43:48', '2019-07-31 09:43:48', NULL),
	(154, 'KKT POWER 40+', 3, '2019-07-31 09:44:14', '2019-07-31 09:44:14', NULL),
	(155, 'KKT 28i', 3, '2019-07-31 09:44:27', '2019-07-31 09:44:27', NULL),
	(156, 'PEARL FM', 3, '2019-07-31 09:44:39', '2019-07-31 09:44:39', NULL),
	(157, 'Z 40', 3, '2019-07-31 09:44:51', '2019-07-31 09:44:51', NULL),
	(158, 'Z 61 1gb', 3, '2019-07-31 09:45:05', '2019-07-31 09:45:05', NULL),
	(159, 'Z61 2gb', 3, '2019-07-31 09:45:22', '2019-07-31 09:45:22', NULL),
	(160, 'Z81 2gb', 3, '2019-07-31 09:45:42', '2019-07-31 09:45:42', NULL),
	(161, 'Z81 3gb', 3, '2019-07-31 09:45:54', '2019-07-31 09:45:54', NULL),
	(162, 'Z91 2gb', 3, '2019-07-31 09:46:09', '2019-07-31 09:46:09', NULL),
	(163, 'Z91 3gb', 3, '2019-07-31 09:46:25', '2019-07-31 09:46:25', NULL),
	(164, 'Z92 3gb', 3, '2019-07-31 09:46:43', '2019-07-31 09:46:43', NULL),
	(165, 'C1 3/32', 6, '2019-07-31 16:10:53', '2019-07-31 16:10:53', NULL),
	(166, 'C2 3/32', 6, '2019-07-31 16:11:23', '2019-07-31 16:11:23', NULL),
	(167, 'A2 2/16', 15, '2019-07-31 17:06:54', '2019-07-31 17:06:54', NULL),
	(168, 'POCO F1 8/256', 4, '2019-07-31 17:38:50', '2019-07-31 17:38:50', NULL),
	(169, 'GO 1/16', 4, '2019-07-31 17:42:22', '2019-07-31 17:42:22', NULL),
	(170, 'A9 [4+128GB]', 5, '2019-08-01 15:33:40', '2019-08-01 15:33:40', NULL),
	(171, '7.1 [4+64GB]', 9, '2019-08-01 15:48:20', '2019-08-01 15:48:20', NULL),
	(172, 'zenfone max m2 3/32', 7, '2019-08-01 15:57:22', '2019-08-01 15:57:22', NULL),
	(173, '6 PRO [4+64GB]', 4, '2019-08-01 16:00:31', '2019-08-01 16:00:31', NULL),
	(174, 'Y90 2/16', 2, '2019-08-01 16:06:03', '2019-08-01 16:06:03', NULL),
	(175, 'X412', 20, '2019-08-01 17:46:13', '2019-08-01 17:46:13', NULL),
	(176, 'A5 3/32', 22, '2019-08-01 17:51:05', '2019-08-01 17:51:05', NULL),
	(177, '3 PRO 4/64', 6, '2019-08-02 11:03:00', '2019-08-02 11:03:00', NULL),
	(178, 'X 4/128', 6, '2019-08-03 14:07:05', '2019-08-03 14:07:05', NULL),
	(179, 'X 8/128', 6, '2019-08-03 16:25:25', '2019-08-03 16:25:25', NULL),
	(181, 'S1 4GB 128GB', 2, '2019-08-07 16:17:45', '2019-08-07 16:17:45', NULL);
/*!40000 ALTER TABLE `products` ENABLE KEYS */;

-- Dumping structure for table sqindia.suppliers
DROP TABLE IF EXISTS `suppliers`;
CREATE TABLE IF NOT EXISTS `suppliers` (
  `id` bigint(20) unsigned NOT NULL AUTO_INCREMENT,
  `supplier_name` varchar(191) NOT NULL,
  `created_at` timestamp NULL DEFAULT NULL,
  `updated_at` timestamp NULL DEFAULT NULL,
  `deleted_at` timestamp NULL DEFAULT NULL,
  PRIMARY KEY (`id`)
) ENGINE=MyISAM AUTO_INCREMENT=10 DEFAULT CHARSET=utf8;

-- Dumping data for table sqindia.suppliers: 9 rows
/*!40000 ALTER TABLE `suppliers` DISABLE KEYS */;
REPLACE INTO `suppliers` (`id`, `supplier_name`, `created_at`, `updated_at`, `deleted_at`) VALUES
	(1, 'SAIRAJ TRADERS PVT LTD[REDMI]', '2019-07-22 10:44:52', '2019-07-31 09:02:53', NULL),
	(2, 'SG Marketing [SAMSUNG]', '2019-07-22 10:45:14', '2019-07-31 09:03:04', NULL),
	(3, 'VEETEE Trading Pvt Ltd [NOKIA]', '2019-07-22 10:46:02', '2019-07-31 09:03:16', NULL),
	(4, 'Kreative Enterprise [MOTO]', '2019-07-22 10:46:17', '2019-07-31 09:03:25', NULL),
	(5, 'TV Corp Solutions Pvt Ltd [REALME]', '2019-07-22 10:46:48', '2019-07-31 09:03:38', NULL),
	(6, 'Prakash Agencies [OPPO]', '2019-07-22 10:47:02', '2019-07-31 09:03:49', NULL),
	(7, 'Mobile Point [LAVA]', '2019-07-22 10:47:11', '2019-07-31 09:04:00', NULL),
	(8, 'Supreme Computer India Pvt Ltd [VIVO]', '2019-07-22 10:51:37', '2019-07-31 09:04:15', NULL),
	(9, 'Old Stock', '2019-07-22 10:51:37', '2019-07-31 09:04:15', NULL);
/*!40000 ALTER TABLE `suppliers` ENABLE KEYS */;

-- Dumping structure for table sqindia.users
DROP TABLE IF EXISTS `users`;
CREATE TABLE IF NOT EXISTS `users` (
  `id` bigint(20) unsigned NOT NULL AUTO_INCREMENT,
  `name` varchar(191) NOT NULL,
  `email` varchar(191) NOT NULL,
  `mobile` varchar(191) NOT NULL,
  `password` varchar(191) NOT NULL,
  `roles` varchar(191) NOT NULL,
  `branch_id` int(11) NOT NULL,
  `email_verified_at` timestamp NULL DEFAULT NULL,
  `remember_token` varchar(100) DEFAULT NULL,
  `created_at` timestamp NULL DEFAULT NULL,
  `updated_at` timestamp NULL DEFAULT NULL,
  `api_token` varchar(200) DEFAULT NULL,
  `deleted_at` timestamp NULL DEFAULT NULL,
  PRIMARY KEY (`id`),
  UNIQUE KEY `users_email_unique` (`email`),
  UNIQUE KEY `users_mobile_unique` (`mobile`),
  KEY `users_branch_id_foreign` (`branch_id`)
) ENGINE=MyISAM AUTO_INCREMENT=16 DEFAULT CHARSET=utf8;

-- Dumping data for table sqindia.users: 10 rows
/*!40000 ALTER TABLE `users` DISABLE KEYS */;
REPLACE INTO `users` (`id`, `name`, `email`, `mobile`, `password`, `roles`, `branch_id`, `email_verified_at`, `remember_token`, `created_at`, `updated_at`, `api_token`, `deleted_at`) VALUES
	(1, 'Admin', 'admin@sqindia.net', '9159676511', '$2y$10$reUZMBtS5bDTVYgWlF6KQOMRUBXN41sWA2PKv.i/t4DgElrfIBHkK', 'admin', 1, NULL, NULL, '2019-07-15 16:24:46', '2019-08-02 04:16:56', NULL, NULL),
	(11, 'Basha', 'bashadisha@sqindia.net', '9791181406', '$2y$10$reUZMBtS5bDTVYgWlF6KQOMRUBXN41sWA2PKv.i/t4DgElrfIBHkK', 'user', 5, NULL, NULL, '2019-07-22 10:36:50', '2019-08-08 09:27:38', '9cf54c4640ee4e089a2e3aeeb437be8925ad1b9bd400762c1c336589e4893d29', NULL),
	(10, 'Vella Durai', 'velladurai@sqindia.net', '9698931609', '$2y$10$reUZMBtS5bDTVYgWlF6KQOMRUBXN41sWA2PKv.i/t4DgElrfIBHkK', 'user', 7, NULL, NULL, '2019-07-22 10:35:38', '2019-08-08 17:27:52', 'd425d20f3d083359dc0fec87c28fabd19760a21051765a65601bf117950efa14', NULL),
	(9, 'Madan', 'madan@sqindia.net', '7845796770', '$2y$10$reUZMBtS5bDTVYgWlF6KQOMRUBXN41sWA2PKv.i/t4DgElrfIBHkK', 'user', 8, NULL, NULL, '2019-07-22 10:34:30', '2019-08-08 16:59:25', '3c0c3cd88f0e8df5c5779c98ce76f31e0a9c6809aabf9387cef379ec041c4f6d', NULL),
	(8, 'Rabeek', 'rabeek@sqindia.net', '9952811128', '$2y$10$reUZMBtS5bDTVYgWlF6KQOMRUBXN41sWA2PKv.i/t4DgElrfIBHkK', 'user', 6, NULL, NULL, '2019-07-22 10:29:44', '2019-08-09 09:15:14', 'f553c171c2ee3b54e2e0c1efee0a2592f386d3fa0b1b4351a1fda79623b39125', NULL),
	(7, 'Ghouse Basha', 'ghousebasha@sqindia.net', '9710201819', '$2y$10$reUZMBtS5bDTVYgWlF6KQOMRUBXN41sWA2PKv.i/t4DgElrfIBHkK', 'stockuser', 2, NULL, NULL, '2019-07-22 10:26:08', '2019-08-08 17:42:36', '9f7c718ce2c75afaf9c0048f70750a7dcc634c1063dd72e8961158e82eea4ed0', NULL),
	(12, 'Ashiq', 'ashiq@sqindia.net', '9894240015', '$2y$10$reUZMBtS5bDTVYgWlF6KQOMRUBXN41sWA2PKv.i/t4DgElrfIBHkK', 'user', 3, NULL, NULL, '2019-07-22 10:37:51', '2019-08-09 13:23:43', 'b2dd901cb415a29b72c7498de658fc2da8084495efdbfa974d3503f2a41238b6', NULL),
	(13, 'vinoth', 'vinoth@sqindia.net', '7010212503', '$2y$10$reUZMBtS5bDTVYgWlF6KQOMRUBXN41sWA2PKv.i/t4DgElrfIBHkK', 'user', 4, NULL, NULL, '2019-07-22 10:41:14', '2019-08-08 17:51:50', '684906bf282ad8e05a09717196358dce1936968dc43670c62e7e67e3d8cd54fc', NULL),
	(14, 'Prabha', 'prabha@sqindia.net', '1234567891', '$2y$10$reUZMBtS5bDTVYgWlF6KQOMRUBXN41sWA2PKv.i/t4DgElrfIBHkK', 'stockuser', 2, NULL, NULL, '2019-07-15 16:24:46', '2019-08-02 10:14:15', 'd5b71d5545134b1cd1827a135d31bbb5c512ea3776a657f8d898e6261567f4a1', NULL),
	(15, 'Admin', 'madmin@sqindia.net', '1234567892', '$2y$10$reUZMBtS5bDTVYgWlF6KQOMRUBXN41sWA2PKv.i/t4DgElrfIBHkK', 'stockuser', 2, NULL, NULL, '2019-07-15 16:24:46', '2019-08-09 13:37:44', 'a43859ec375cdc76a4cfae7f8c7b498f73541d0152d8ded2f065e52e92a6f614', NULL);
/*!40000 ALTER TABLE `users` ENABLE KEYS */;

/*!40101 SET SQL_MODE=IFNULL(@OLD_SQL_MODE, '') */;
/*!40014 SET FOREIGN_KEY_CHECKS=IF(@OLD_FOREIGN_KEY_CHECKS IS NULL, 1, @OLD_FOREIGN_KEY_CHECKS) */;
/*!40101 SET CHARACTER_SET_CLIENT=@OLD_CHARACTER_SET_CLIENT */;
